projects|DUMMY-01	projects	{"project_code":"DUMMY-01","project_name":"فلل الندى السكنية (تجريبي)","client_name":"شركة الندى للتطوير العقاري (تجريبي)","city":"الرياض","project_type":"residential","status":"completed","project_manager":"م. خالد العتيبي","total_floors":2,"start_date":"2026-07-11","expected_completion":"2026-10-15","notes":"بيانات تجريبية - مشروع صغير أنجز جميع المراحل"}
projects|DUMMY-02	projects	{"project_code":"DUMMY-02","project_name":"برج الياسمين السكني (تجريبي)","client_name":"مجموعة الياسمين العقارية (تجريبي)","city":"جدة","project_type":"residential","status":"active","project_manager":"م. سارة الغامدي","total_floors":4,"start_date":"2026-07-11","expected_completion":"2026-11-30","notes":"بيانات تجريبية - مشروع يسير حسب الخطة"}
projects|DUMMY-03	projects	{"project_code":"DUMMY-03","project_name":"مجمع الريان التجاري (تجريبي)","client_name":"شركة الريان للاستثمار (تجريبي)","city":"الرياض","project_type":"commercial","status":"active","project_manager":"م. فهد الدوسري","total_floors":5,"start_date":"2026-07-18","expected_completion":"2026-12-15","notes":"بيانات تجريبية - مشروع متأخر عن الخطة"}
projects|DUMMY-04	projects	{"project_code":"DUMMY-04","project_name":"مستودعات الخليج الصناعية (تجريبي)","client_name":"شركة الخليج للخدمات اللوجستية (تجريبي)","city":"الدمام","project_type":"industrial","status":"on_hold","project_manager":"م. عبدالله القحطاني","total_floors":1,"start_date":"2026-08-01","expected_completion":"2026-12-31","notes":"بيانات تجريبية - مشروع متوقف مؤقتاً منذ منتصف سبتمبر"}
projects|DUMMY-05	projects	{"project_code":"DUMMY-05","project_name":"مدرسة الفيصل الأهلية (تجريبي)","client_name":"مؤسسة الفيصل التعليمية (تجريبي)","city":"المدينة المنورة","project_type":"other","status":"active","project_manager":"م. نورة الحربي","total_floors":3,"start_date":"2026-09-05","expected_completion":"2027-03-31","notes":"بيانات تجريبية - مشروع في مراحله الأولى"}
project-zones|DUMMY-01/zone_1	project-zones	{"project":"@@ref:projects|DUMMY-01@@","zone_code":"zone_1","zone_label":"المنطقة 1"}
project-zones|DUMMY-01/zone_2	project-zones	{"project":"@@ref:projects|DUMMY-01@@","zone_code":"zone_2","zone_label":"المنطقة 2"}
project-zones|DUMMY-01/zone_3	project-zones	{"project":"@@ref:projects|DUMMY-01@@","zone_code":"zone_3","zone_label":"المنطقة 3"}
project-footings|DUMMY-01/footing_1	project-footings	{"project":"@@ref:projects|DUMMY-01@@","footing_code":"footing_1","footing_label":"القاعدة 1"}
project-footings|DUMMY-01/footing_2	project-footings	{"project":"@@ref:projects|DUMMY-01@@","footing_code":"footing_2","footing_label":"القاعدة 2"}
project-footings|DUMMY-01/footing_3	project-footings	{"project":"@@ref:projects|DUMMY-01@@","footing_code":"footing_3","footing_label":"القاعدة 3"}
project-footings|DUMMY-01/footing_4	project-footings	{"project":"@@ref:projects|DUMMY-01@@","footing_code":"footing_4","footing_label":"القاعدة 4"}
project-floors|DUMMY-01/floor_1	project-floors	{"project":"@@ref:projects|DUMMY-01@@","floor_code":"floor_1","floor_label":"الطابق 1"}
project-floors|DUMMY-01/floor_2	project-floors	{"project":"@@ref:projects|DUMMY-01@@","floor_code":"floor_2","floor_label":"الطابق 2"}
project-zones|DUMMY-02/zone_1	project-zones	{"project":"@@ref:projects|DUMMY-02@@","zone_code":"zone_1","zone_label":"المنطقة 1"}
project-zones|DUMMY-02/zone_2	project-zones	{"project":"@@ref:projects|DUMMY-02@@","zone_code":"zone_2","zone_label":"المنطقة 2"}
project-zones|DUMMY-02/zone_3	project-zones	{"project":"@@ref:projects|DUMMY-02@@","zone_code":"zone_3","zone_label":"المنطقة 3"}
project-zones|DUMMY-02/zone_4	project-zones	{"project":"@@ref:projects|DUMMY-02@@","zone_code":"zone_4","zone_label":"المنطقة 4"}
project-footings|DUMMY-02/footing_1	project-footings	{"project":"@@ref:projects|DUMMY-02@@","footing_code":"footing_1","footing_label":"القاعدة 1"}
project-footings|DUMMY-02/footing_2	project-footings	{"project":"@@ref:projects|DUMMY-02@@","footing_code":"footing_2","footing_label":"القاعدة 2"}
project-footings|DUMMY-02/footing_3	project-footings	{"project":"@@ref:projects|DUMMY-02@@","footing_code":"footing_3","footing_label":"القاعدة 3"}
project-footings|DUMMY-02/footing_4	project-footings	{"project":"@@ref:projects|DUMMY-02@@","footing_code":"footing_4","footing_label":"القاعدة 4"}
project-footings|DUMMY-02/footing_5	project-footings	{"project":"@@ref:projects|DUMMY-02@@","footing_code":"footing_5","footing_label":"القاعدة 5"}
project-footings|DUMMY-02/footing_6	project-footings	{"project":"@@ref:projects|DUMMY-02@@","footing_code":"footing_6","footing_label":"القاعدة 6"}
project-floors|DUMMY-02/floor_1	project-floors	{"project":"@@ref:projects|DUMMY-02@@","floor_code":"floor_1","floor_label":"الطابق 1"}
project-floors|DUMMY-02/floor_2	project-floors	{"project":"@@ref:projects|DUMMY-02@@","floor_code":"floor_2","floor_label":"الطابق 2"}
project-floors|DUMMY-02/floor_3	project-floors	{"project":"@@ref:projects|DUMMY-02@@","floor_code":"floor_3","floor_label":"الطابق 3"}
project-floors|DUMMY-02/floor_4	project-floors	{"project":"@@ref:projects|DUMMY-02@@","floor_code":"floor_4","floor_label":"الطابق 4"}
project-zones|DUMMY-03/zone_1	project-zones	{"project":"@@ref:projects|DUMMY-03@@","zone_code":"zone_1","zone_label":"المنطقة 1"}
project-zones|DUMMY-03/zone_2	project-zones	{"project":"@@ref:projects|DUMMY-03@@","zone_code":"zone_2","zone_label":"المنطقة 2"}
project-zones|DUMMY-03/zone_3	project-zones	{"project":"@@ref:projects|DUMMY-03@@","zone_code":"zone_3","zone_label":"المنطقة 3"}
project-zones|DUMMY-03/zone_4	project-zones	{"project":"@@ref:projects|DUMMY-03@@","zone_code":"zone_4","zone_label":"المنطقة 4"}
project-zones|DUMMY-03/zone_5	project-zones	{"project":"@@ref:projects|DUMMY-03@@","zone_code":"zone_5","zone_label":"المنطقة 5"}
project-zones|DUMMY-03/zone_6	project-zones	{"project":"@@ref:projects|DUMMY-03@@","zone_code":"zone_6","zone_label":"المنطقة 6"}
project-footings|DUMMY-03/footing_1	project-footings	{"project":"@@ref:projects|DUMMY-03@@","footing_code":"footing_1","footing_label":"القاعدة 1"}
project-footings|DUMMY-03/footing_2	project-footings	{"project":"@@ref:projects|DUMMY-03@@","footing_code":"footing_2","footing_label":"القاعدة 2"}
project-footings|DUMMY-03/footing_3	project-footings	{"project":"@@ref:projects|DUMMY-03@@","footing_code":"footing_3","footing_label":"القاعدة 3"}
project-footings|DUMMY-03/footing_4	project-footings	{"project":"@@ref:projects|DUMMY-03@@","footing_code":"footing_4","footing_label":"القاعدة 4"}
project-footings|DUMMY-03/footing_5	project-footings	{"project":"@@ref:projects|DUMMY-03@@","footing_code":"footing_5","footing_label":"القاعدة 5"}
project-footings|DUMMY-03/footing_6	project-footings	{"project":"@@ref:projects|DUMMY-03@@","footing_code":"footing_6","footing_label":"القاعدة 6"}
project-footings|DUMMY-03/footing_7	project-footings	{"project":"@@ref:projects|DUMMY-03@@","footing_code":"footing_7","footing_label":"القاعدة 7"}
project-footings|DUMMY-03/footing_8	project-footings	{"project":"@@ref:projects|DUMMY-03@@","footing_code":"footing_8","footing_label":"القاعدة 8"}
project-footings|DUMMY-03/footing_9	project-footings	{"project":"@@ref:projects|DUMMY-03@@","footing_code":"footing_9","footing_label":"القاعدة 9"}
project-footings|DUMMY-03/footing_10	project-footings	{"project":"@@ref:projects|DUMMY-03@@","footing_code":"footing_10","footing_label":"القاعدة 10"}
project-floors|DUMMY-03/floor_1	project-floors	{"project":"@@ref:projects|DUMMY-03@@","floor_code":"floor_1","floor_label":"الطابق 1"}
project-floors|DUMMY-03/floor_2	project-floors	{"project":"@@ref:projects|DUMMY-03@@","floor_code":"floor_2","floor_label":"الطابق 2"}
project-floors|DUMMY-03/floor_3	project-floors	{"project":"@@ref:projects|DUMMY-03@@","floor_code":"floor_3","floor_label":"الطابق 3"}
project-floors|DUMMY-03/floor_4	project-floors	{"project":"@@ref:projects|DUMMY-03@@","floor_code":"floor_4","floor_label":"الطابق 4"}
project-floors|DUMMY-03/floor_5	project-floors	{"project":"@@ref:projects|DUMMY-03@@","floor_code":"floor_5","floor_label":"الطابق 5"}
project-zones|DUMMY-04/zone_1	project-zones	{"project":"@@ref:projects|DUMMY-04@@","zone_code":"zone_1","zone_label":"المنطقة 1"}
project-zones|DUMMY-04/zone_2	project-zones	{"project":"@@ref:projects|DUMMY-04@@","zone_code":"zone_2","zone_label":"المنطقة 2"}
project-zones|DUMMY-04/zone_3	project-zones	{"project":"@@ref:projects|DUMMY-04@@","zone_code":"zone_3","zone_label":"المنطقة 3"}
project-zones|DUMMY-04/zone_4	project-zones	{"project":"@@ref:projects|DUMMY-04@@","zone_code":"zone_4","zone_label":"المنطقة 4"}
project-zones|DUMMY-04/zone_5	project-zones	{"project":"@@ref:projects|DUMMY-04@@","zone_code":"zone_5","zone_label":"المنطقة 5"}
project-zones|DUMMY-04/zone_6	project-zones	{"project":"@@ref:projects|DUMMY-04@@","zone_code":"zone_6","zone_label":"المنطقة 6"}
project-zones|DUMMY-04/zone_7	project-zones	{"project":"@@ref:projects|DUMMY-04@@","zone_code":"zone_7","zone_label":"المنطقة 7"}
project-zones|DUMMY-04/zone_8	project-zones	{"project":"@@ref:projects|DUMMY-04@@","zone_code":"zone_8","zone_label":"المنطقة 8"}
project-footings|DUMMY-04/footing_1	project-footings	{"project":"@@ref:projects|DUMMY-04@@","footing_code":"footing_1","footing_label":"القاعدة 1"}
project-footings|DUMMY-04/footing_2	project-footings	{"project":"@@ref:projects|DUMMY-04@@","footing_code":"footing_2","footing_label":"القاعدة 2"}
project-footings|DUMMY-04/footing_3	project-footings	{"project":"@@ref:projects|DUMMY-04@@","footing_code":"footing_3","footing_label":"القاعدة 3"}
project-footings|DUMMY-04/footing_4	project-footings	{"project":"@@ref:projects|DUMMY-04@@","footing_code":"footing_4","footing_label":"القاعدة 4"}
project-footings|DUMMY-04/footing_5	project-footings	{"project":"@@ref:projects|DUMMY-04@@","footing_code":"footing_5","footing_label":"القاعدة 5"}
project-footings|DUMMY-04/footing_6	project-footings	{"project":"@@ref:projects|DUMMY-04@@","footing_code":"footing_6","footing_label":"القاعدة 6"}
project-footings|DUMMY-04/footing_7	project-footings	{"project":"@@ref:projects|DUMMY-04@@","footing_code":"footing_7","footing_label":"القاعدة 7"}
project-footings|DUMMY-04/footing_8	project-footings	{"project":"@@ref:projects|DUMMY-04@@","footing_code":"footing_8","footing_label":"القاعدة 8"}
project-footings|DUMMY-04/footing_9	project-footings	{"project":"@@ref:projects|DUMMY-04@@","footing_code":"footing_9","footing_label":"القاعدة 9"}
project-footings|DUMMY-04/footing_10	project-footings	{"project":"@@ref:projects|DUMMY-04@@","footing_code":"footing_10","footing_label":"القاعدة 10"}
project-footings|DUMMY-04/footing_11	project-footings	{"project":"@@ref:projects|DUMMY-04@@","footing_code":"footing_11","footing_label":"القاعدة 11"}
project-footings|DUMMY-04/footing_12	project-footings	{"project":"@@ref:projects|DUMMY-04@@","footing_code":"footing_12","footing_label":"القاعدة 12"}
project-floors|DUMMY-04/floor_1	project-floors	{"project":"@@ref:projects|DUMMY-04@@","floor_code":"floor_1","floor_label":"الطابق 1"}
project-zones|DUMMY-05/zone_1	project-zones	{"project":"@@ref:projects|DUMMY-05@@","zone_code":"zone_1","zone_label":"المنطقة 1"}
project-zones|DUMMY-05/zone_2	project-zones	{"project":"@@ref:projects|DUMMY-05@@","zone_code":"zone_2","zone_label":"المنطقة 2"}
project-zones|DUMMY-05/zone_3	project-zones	{"project":"@@ref:projects|DUMMY-05@@","zone_code":"zone_3","zone_label":"المنطقة 3"}
project-zones|DUMMY-05/zone_4	project-zones	{"project":"@@ref:projects|DUMMY-05@@","zone_code":"zone_4","zone_label":"المنطقة 4"}
project-zones|DUMMY-05/zone_5	project-zones	{"project":"@@ref:projects|DUMMY-05@@","zone_code":"zone_5","zone_label":"المنطقة 5"}
project-footings|DUMMY-05/footing_1	project-footings	{"project":"@@ref:projects|DUMMY-05@@","footing_code":"footing_1","footing_label":"القاعدة 1"}
project-footings|DUMMY-05/footing_2	project-footings	{"project":"@@ref:projects|DUMMY-05@@","footing_code":"footing_2","footing_label":"القاعدة 2"}
project-footings|DUMMY-05/footing_3	project-footings	{"project":"@@ref:projects|DUMMY-05@@","footing_code":"footing_3","footing_label":"القاعدة 3"}
project-footings|DUMMY-05/footing_4	project-footings	{"project":"@@ref:projects|DUMMY-05@@","footing_code":"footing_4","footing_label":"القاعدة 4"}
project-footings|DUMMY-05/footing_5	project-footings	{"project":"@@ref:projects|DUMMY-05@@","footing_code":"footing_5","footing_label":"القاعدة 5"}
project-footings|DUMMY-05/footing_6	project-footings	{"project":"@@ref:projects|DUMMY-05@@","footing_code":"footing_6","footing_label":"القاعدة 6"}
project-footings|DUMMY-05/footing_7	project-footings	{"project":"@@ref:projects|DUMMY-05@@","footing_code":"footing_7","footing_label":"القاعدة 7"}
project-footings|DUMMY-05/footing_8	project-footings	{"project":"@@ref:projects|DUMMY-05@@","footing_code":"footing_8","footing_label":"القاعدة 8"}
project-floors|DUMMY-05/floor_1	project-floors	{"project":"@@ref:projects|DUMMY-05@@","floor_code":"floor_1","floor_label":"الطابق 1"}
project-floors|DUMMY-05/floor_2	project-floors	{"project":"@@ref:projects|DUMMY-05@@","floor_code":"floor_2","floor_label":"الطابق 2"}
project-floors|DUMMY-05/floor_3	project-floors	{"project":"@@ref:projects|DUMMY-05@@","floor_code":"floor_3","floor_label":"الطابق 3"}
daily-progress-report|DUMMY-01/2026-07-11/1	daily-progress-report	{"report_date":"2026-07-11","project":"@@ref:projects|DUMMY-01@@","crew_count":3,"weather":"sandstorm","had_delay":false,"phase":"paperwork","milestone":"design_approval","has_problem_today":false,"plan_completed_today":true}
daily-progress-report|DUMMY-02/2026-07-11/1	daily-progress-report	{"report_date":"2026-07-11","project":"@@ref:projects|DUMMY-02@@","crew_count":3,"weather":"clear","had_delay":false,"phase":"paperwork","milestone":"design_approval","has_problem_today":false,"plan_completed_today":true}
daily-progress-report|DUMMY-01/2026-07-12/1	daily-progress-report	{"report_date":"2026-07-12","project":"@@ref:projects|DUMMY-01@@","crew_count":3,"weather":"sandstorm","had_delay":false,"phase":"paperwork","milestone":"design_approval","has_problem_today":false,"plan_completed_today":true}
daily-progress-report|DUMMY-02/2026-07-12/1	daily-progress-report	{"report_date":"2026-07-12","project":"@@ref:projects|DUMMY-02@@","crew_count":3,"weather":"clear","had_delay":true,"phase":"paperwork","delay_cause":"ملاحظات على المخططات من الجهة المختصة","milestone":"design_approval","has_problem_today":false,"plan_completed_today":false}
daily-progress-report|DUMMY-01/2026-07-13/1	daily-progress-report	{"report_date":"2026-07-13","project":"@@ref:projects|DUMMY-01@@","crew_count":3,"weather":"clear","had_delay":false,"phase":"paperwork","milestone":"design_approval","has_problem_today":false,"plan_completed_today":true}
daily-progress-report|DUMMY-02/2026-07-13/1	daily-progress-report	{"report_date":"2026-07-13","project":"@@ref:projects|DUMMY-02@@","crew_count":3,"weather":"clear","had_delay":false,"phase":"paperwork","milestone":"design_approval","has_problem_today":false,"plan_completed_today":true}
daily-progress-report|DUMMY-01/2026-07-14/1	daily-progress-report	{"report_date":"2026-07-14","project":"@@ref:projects|DUMMY-01@@","crew_count":3,"weather":"extreme_heat","had_delay":false,"phase":"paperwork","milestone":"design_approval","has_problem_today":false,"plan_completed_today":true}
daily-progress-report|DUMMY-02/2026-07-14/1	daily-progress-report	{"report_date":"2026-07-14","project":"@@ref:projects|DUMMY-02@@","crew_count":3,"weather":"sandstorm","had_delay":false,"phase":"paperwork","milestone":"design_approval","has_problem_today":true,"problem_description":"طلب الجهة المختصة تعديلات على المخططات المعمارية.","plan_completed_today":true}
daily-progress-report|DUMMY-01/2026-07-15/1	daily-progress-report	{"report_date":"2026-07-15","project":"@@ref:projects|DUMMY-01@@","crew_count":3,"weather":"extreme_heat","had_delay":false,"phase":"paperwork","milestone":"permit_application","has_problem_today":false,"plan_completed_today":true}
daily-progress-report|DUMMY-02/2026-07-15/1	daily-progress-report	{"report_date":"2026-07-15","project":"@@ref:projects|DUMMY-02@@","crew_count":3,"weather":"clear","had_delay":false,"phase":"paperwork","milestone":"design_approval","has_problem_today":false,"plan_completed_today":true}
daily-progress-report|DUMMY-01/2026-07-16/1	daily-progress-report	{"report_date":"2026-07-16","project":"@@ref:projects|DUMMY-01@@","crew_count":3,"weather":"clear","had_delay":false,"phase":"paperwork","milestone":"permit_application","has_problem_today":false,"plan_completed_today":true}
daily-progress-report|DUMMY-02/2026-07-16/1	daily-progress-report	{"report_date":"2026-07-16","project":"@@ref:projects|DUMMY-02@@","crew_count":3,"weather":"clear","had_delay":false,"phase":"paperwork","milestone":"design_approval","has_problem_today":false,"plan_completed_today":true}
daily-progress-report|DUMMY-01/2026-07-18/1	daily-progress-report	{"report_date":"2026-07-18","project":"@@ref:projects|DUMMY-01@@","crew_count":3,"weather":"clear","had_delay":false,"phase":"paperwork","milestone":"permit_application","has_problem_today":false,"plan_completed_today":true}
daily-progress-report|DUMMY-02/2026-07-18/1	daily-progress-report	{"report_date":"2026-07-18","project":"@@ref:projects|DUMMY-02@@","crew_count":3,"weather":"clear","had_delay":false,"phase":"paperwork","milestone":"permit_application","has_problem_today":false,"plan_completed_today":true}
daily-progress-report|DUMMY-03/2026-07-18/1	daily-progress-report	{"report_date":"2026-07-18","project":"@@ref:projects|DUMMY-03@@","crew_count":3,"weather":"clear","had_delay":true,"phase":"paperwork","delay_cause":"بانتظار رد الأمانة","milestone":"design_approval","has_problem_today":false,"plan_completed_today":true}
daily-progress-report|DUMMY-01/2026-07-19/1	daily-progress-report	{"report_date":"2026-07-19","project":"@@ref:projects|DUMMY-01@@","crew_count":3,"weather":"extreme_heat","had_delay":false,"phase":"paperwork","milestone":"utility_approvals","has_problem_today":false,"plan_completed_today":true}
daily-progress-report|DUMMY-02/2026-07-19/1	daily-progress-report	{"report_date":"2026-07-19","project":"@@ref:projects|DUMMY-02@@","crew_count":3,"weather":"clear","had_delay":false,"phase":"paperwork","milestone":"permit_application","has_problem_today":false,"plan_completed_today":true}
daily-progress-report|DUMMY-03/2026-07-19/1	daily-progress-report	{"report_date":"2026-07-19","project":"@@ref:projects|DUMMY-03@@","crew_count":3,"weather":"extreme_heat","had_delay":false,"phase":"paperwork","milestone":"design_approval","has_problem_today":false,"plan_completed_today":true}
daily-progress-report|DUMMY-01/2026-07-20/1	daily-progress-report	{"report_date":"2026-07-20","project":"@@ref:projects|DUMMY-01@@","crew_count":3,"weather":"other","had_delay":false,"phase":"paperwork","milestone":"utility_approvals","has_problem_today":false,"plan_completed_today":true}
daily-progress-report|DUMMY-02/2026-07-20/1	daily-progress-report	{"report_date":"2026-07-20","project":"@@ref:projects|DUMMY-02@@","crew_count":3,"weather":"clear","had_delay":false,"phase":"paperwork","milestone":"permit_application","has_problem_today":false,"plan_completed_today":true}
daily-progress-report|DUMMY-03/2026-07-20/1	daily-progress-report	{"report_date":"2026-07-20","project":"@@ref:projects|DUMMY-03@@","crew_count":3,"weather":"other","had_delay":false,"phase":"paperwork","milestone":"design_approval","has_problem_today":false,"plan_completed_today":false}
daily-progress-report|DUMMY-01/2026-07-21/1	daily-progress-report	{"report_date":"2026-07-21","project":"@@ref:projects|DUMMY-01@@","crew_count":3,"weather":"extreme_heat","had_delay":false,"phase":"paperwork","milestone":"final_permit","has_problem_today":true,"problem_description":"طلب الجهة المختصة تعديلات على المخططات المعمارية.","plan_completed_today":true}
daily-progress-report|DUMMY-02/2026-07-21/1	daily-progress-report	{"report_date":"2026-07-21","project":"@@ref:projects|DUMMY-02@@","crew_count":3,"weather":"clear","had_delay":false,"phase":"paperwork","milestone":"permit_application","has_problem_today":false,"plan_completed_today":true}
daily-progress-report|DUMMY-03/2026-07-21/1	daily-progress-report	{"report_date":"2026-07-21","project":"@@ref:projects|DUMMY-03@@","crew_count":3,"weather":"extreme_heat","had_delay":false,"phase":"paperwork","milestone":"design_approval","has_problem_today":false,"plan_completed_today":false}
daily-progress-report|DUMMY-01/2026-07-22/1	daily-progress-report	{"report_date":"2026-07-22","project":"@@ref:projects|DUMMY-01@@","crew_count":9,"weather":"other","had_delay":false,"phase":"excavation","zone":"@@ref:project-zones|DUMMY-01/zone_1@@","has_problem_today":false,"plan_completed_today":true}
daily-progress-report|DUMMY-02/2026-07-22/1	daily-progress-report	{"report_date":"2026-07-22","project":"@@ref:projects|DUMMY-02@@","crew_count":3,"weather":"clear","had_delay":false,"phase":"paperwork","milestone":"utility_approvals","has_problem_today":false,"plan_completed_today":true}
daily-progress-report|DUMMY-03/2026-07-22/1	daily-progress-report	{"report_date":"2026-07-22","project":"@@ref:projects|DUMMY-03@@","crew_count":3,"weather":"other","had_delay":false,"phase":"paperwork","milestone":"design_approval","has_problem_today":false,"plan_completed_today":false}
daily-progress-report|DUMMY-01/2026-07-23/1	daily-progress-report	{"report_date":"2026-07-23","project":"@@ref:projects|DUMMY-01@@","crew_count":6,"weather":"extreme_heat","had_delay":true,"phase":"excavation","delay_cause":"توقف العمل بسبب الحرارة الشديدة","zone":"@@ref:project-zones|DUMMY-01/zone_1@@","has_problem_today":false,"plan_completed_today":true}
daily-progress-report|DUMMY-02/2026-07-23/1	daily-progress-report	{"report_date":"2026-07-23","project":"@@ref:projects|DUMMY-02@@","crew_count":3,"weather":"clear","had_delay":false,"phase":"paperwork","milestone":"utility_approvals","has_problem_today":false,"plan_completed_today":true}
daily-progress-report|DUMMY-03/2026-07-23/1	daily-progress-report	{"report_date":"2026-07-23","project":"@@ref:projects|DUMMY-03@@","crew_count":3,"weather":"extreme_heat","had_delay":false,"phase":"paperwork","milestone":"design_approval","has_problem_today":true,"problem_description":"طلب الجهة المختصة تعديلات على المخططات المعمارية.","plan_completed_today":true}
daily-progress-report|DUMMY-01/2026-07-25/1	daily-progress-report	{"report_date":"2026-07-25","project":"@@ref:projects|DUMMY-01@@","crew_count":9,"weather":"extreme_heat","had_delay":false,"phase":"excavation","zone":"@@ref:project-zones|DUMMY-01/zone_2@@","has_problem_today":false,"plan_completed_today":true}
daily-progress-report|DUMMY-02/2026-07-25/1	daily-progress-report	{"report_date":"2026-07-25","project":"@@ref:projects|DUMMY-02@@","crew_count":3,"weather":"clear","had_delay":false,"phase":"paperwork","milestone":"final_permit","has_problem_today":false,"plan_completed_today":false}
daily-progress-report|DUMMY-03/2026-07-25/1	daily-progress-report	{"report_date":"2026-07-25","project":"@@ref:projects|DUMMY-03@@","crew_count":3,"weather":"extreme_heat","had_delay":false,"phase":"paperwork","milestone":"design_approval","has_problem_today":false,"plan_completed_today":true}
daily-progress-report|DUMMY-01/2026-07-26/1	daily-progress-report	{"report_date":"2026-07-26","project":"@@ref:projects|DUMMY-01@@","crew_count":8,"weather":"extreme_heat","had_delay":true,"phase":"excavation","delay_cause":"حظر العمل تحت أشعة الشمس وقت الظهيرة","zone":"@@ref:project-zones|DUMMY-01/zone_2@@","has_problem_today":false,"plan_completed_today":false}
daily-progress-report|DUMMY-02/2026-07-26/1	daily-progress-report	{"report_date":"2026-07-26","project":"@@ref:projects|DUMMY-02@@","crew_count":3,"weather":"clear","had_delay":false,"phase":"paperwork","milestone":"final_permit","has_problem_today":false,"plan_completed_today":true}
daily-progress-report|DUMMY-03/2026-07-26/1	daily-progress-report	{"report_date":"2026-07-26","project":"@@ref:projects|DUMMY-03@@","crew_count":3,"weather":"extreme_heat","had_delay":false,"phase":"paperwork","milestone":"design_approval","has_problem_today":false,"plan_completed_today":true}
daily-progress-report|DUMMY-01/2026-07-27/1	daily-progress-report	{"report_date":"2026-07-27","project":"@@ref:projects|DUMMY-01@@","crew_count":10,"weather":"clear","had_delay":false,"phase":"excavation","zone":"@@ref:project-zones|DUMMY-01/zone_2@@","has_problem_today":false,"plan_completed_today":true}
daily-progress-report|DUMMY-02/2026-07-27/1	daily-progress-report	{"report_date":"2026-07-27","project":"@@ref:projects|DUMMY-02@@","crew_count":11,"weather":"extreme_heat","had_delay":false,"phase":"excavation","zone":"@@ref:project-zones|DUMMY-02/zone_1@@","has_problem_today":false,"plan_completed_today":false}
daily-progress-report|DUMMY-03/2026-07-27/1	daily-progress-report	{"report_date":"2026-07-27","project":"@@ref:projects|DUMMY-03@@","crew_count":3,"weather":"clear","had_delay":true,"phase":"paperwork","delay_cause":"ملاحظات على المخططات من الجهة المختصة","milestone":"design_approval","has_problem_today":false,"plan_completed_today":false}
daily-progress-report|DUMMY-01/2026-07-28/1	daily-progress-report	{"report_date":"2026-07-28","project":"@@ref:projects|DUMMY-01@@","crew_count":8,"weather":"clear","had_delay":false,"phase":"excavation","zone":"@@ref:project-zones|DUMMY-01/zone_3@@","has_problem_today":false,"plan_completed_today":true}
daily-progress-report|DUMMY-02/2026-07-28/1	daily-progress-report	{"report_date":"2026-07-28","project":"@@ref:projects|DUMMY-02@@","crew_count":12,"weather":"clear","had_delay":false,"phase":"excavation","zone":"@@ref:project-zones|DUMMY-02/zone_1@@","has_problem_today":false,"plan_completed_today":true}
daily-progress-report|DUMMY-03/2026-07-28/1	daily-progress-report	{"report_date":"2026-07-28","project":"@@ref:projects|DUMMY-03@@","crew_count":3,"weather":"clear","had_delay":true,"phase":"paperwork","delay_cause":"ملاحظات على المخططات من الجهة المختصة","milestone":"design_approval","has_problem_today":false,"plan_completed_today":false}
daily-progress-report|DUMMY-01/2026-07-29/1	daily-progress-report	{"report_date":"2026-07-29","project":"@@ref:projects|DUMMY-01@@","crew_count":10,"weather":"extreme_heat","had_delay":false,"phase":"excavation","zone":"@@ref:project-zones|DUMMY-01/zone_3@@","has_problem_today":false,"plan_completed_today":true}
daily-progress-report|DUMMY-02/2026-07-29/1	daily-progress-report	{"report_date":"2026-07-29","project":"@@ref:projects|DUMMY-02@@","crew_count":12,"weather":"clear","had_delay":false,"phase":"excavation","zone":"@@ref:project-zones|DUMMY-02/zone_1@@","has_problem_today":true,"problem_description":"انهيار جزئي في جوانب الحفر ويحتاج إلى تدعيم.","plan_completed_today":true}
daily-progress-report|DUMMY-03/2026-07-29/1	daily-progress-report	{"report_date":"2026-07-29","project":"@@ref:projects|DUMMY-03@@","crew_count":3,"weather":"extreme_heat","had_delay":false,"phase":"paperwork","milestone":"design_approval","has_problem_today":true,"problem_description":"نقص في المستندات المطلوبة لاستكمال الطلب.","plan_completed_today":false}
daily-progress-report|DUMMY-01/2026-07-30/1	daily-progress-report	{"report_date":"2026-07-30","project":"@@ref:projects|DUMMY-01@@","crew_count":11,"weather":"extreme_heat","had_delay":true,"phase":"foundation","delay_cause":"توقف العمل بسبب الحرارة الشديدة","footing":"@@ref:project-footings|DUMMY-01/footing_1@@","has_problem_today":false,"plan_completed_today":true}
daily-progress-report|DUMMY-02/2026-07-30/1	daily-progress-report	{"report_date":"2026-07-30","project":"@@ref:projects|DUMMY-02@@","crew_count":14,"weather":"extreme_heat","had_delay":false,"phase":"excavation","zone":"@@ref:project-zones|DUMMY-02/zone_2@@","has_problem_today":false,"plan_completed_today":false}
daily-progress-report|DUMMY-03/2026-07-30/1	daily-progress-report	{"report_date":"2026-07-30","project":"@@ref:projects|DUMMY-03@@","crew_count":3,"weather":"extreme_heat","had_delay":false,"phase":"paperwork","milestone":"design_approval","has_problem_today":false,"plan_completed_today":true}
daily-progress-report|DUMMY-01/2026-08-01/1	daily-progress-report	{"report_date":"2026-08-01","project":"@@ref:projects|DUMMY-01@@","crew_count":13,"weather":"extreme_heat","had_delay":false,"phase":"foundation","footing":"@@ref:project-footings|DUMMY-01/footing_1@@","has_problem_today":false,"plan_completed_today":true}
daily-progress-report|DUMMY-02/2026-08-01/1	daily-progress-report	{"report_date":"2026-08-01","project":"@@ref:projects|DUMMY-02@@","crew_count":13,"weather":"clear","had_delay":false,"phase":"excavation","zone":"@@ref:project-zones|DUMMY-02/zone_2@@","has_problem_today":false,"plan_completed_today":true}
daily-progress-report|DUMMY-03/2026-08-01/1	daily-progress-report	{"report_date":"2026-08-01","project":"@@ref:projects|DUMMY-03@@","crew_count":3,"weather":"extreme_heat","had_delay":false,"phase":"paperwork","milestone":"permit_application","has_problem_today":false,"plan_completed_today":false}
daily-progress-report|DUMMY-04/2026-08-01/1	daily-progress-report	{"report_date":"2026-08-01","project":"@@ref:projects|DUMMY-04@@","crew_count":3,"weather":"extreme_heat","had_delay":false,"phase":"paperwork","milestone":"design_approval","has_problem_today":false,"plan_completed_today":true}
daily-progress-report|DUMMY-01/2026-08-02/1	daily-progress-report	{"report_date":"2026-08-02","project":"@@ref:projects|DUMMY-01@@","crew_count":14,"weather":"clear","had_delay":false,"phase":"foundation","footing":"@@ref:project-footings|DUMMY-01/footing_2@@","has_problem_today":false,"plan_completed_today":true}
daily-progress-report|DUMMY-02/2026-08-02/1	daily-progress-report	{"report_date":"2026-08-02","project":"@@ref:projects|DUMMY-02@@","crew_count":12,"weather":"clear","had_delay":false,"phase":"excavation","zone":"@@ref:project-zones|DUMMY-02/zone_2@@","has_problem_today":false,"plan_completed_today":true}
daily-progress-report|DUMMY-03/2026-08-02/1	daily-progress-report	{"report_date":"2026-08-02","project":"@@ref:projects|DUMMY-03@@","crew_count":3,"weather":"clear","had_delay":false,"phase":"paperwork","milestone":"permit_application","has_problem_today":false,"plan_completed_today":false}
daily-progress-report|DUMMY-04/2026-08-02/1	daily-progress-report	{"report_date":"2026-08-02","project":"@@ref:projects|DUMMY-04@@","crew_count":3,"weather":"clear","had_delay":false,"phase":"paperwork","milestone":"design_approval","has_problem_today":false,"plan_completed_today":true}
daily-progress-report|DUMMY-01/2026-08-03/1	daily-progress-report	{"report_date":"2026-08-03","project":"@@ref:projects|DUMMY-01@@","crew_count":16,"weather":"clear","had_delay":false,"phase":"foundation","footing":"@@ref:project-footings|DUMMY-01/footing_2@@","has_problem_today":false,"plan_completed_today":true}
daily-progress-report|DUMMY-02/2026-08-03/1	daily-progress-report	{"report_date":"2026-08-03","project":"@@ref:projects|DUMMY-02@@","crew_count":14,"weather":"clear","had_delay":true,"phase":"excavation","delay_cause":"تعارض مع خطوط خدمات قائمة","zone":"@@ref:project-zones|DUMMY-02/zone_3@@","has_problem_today":false,"plan_completed_today":true}
daily-progress-report|DUMMY-03/2026-08-03/1	daily-progress-report	{"report_date":"2026-08-03","project":"@@ref:projects|DUMMY-03@@","crew_count":3,"weather":"clear","had_delay":true,"phase":"paperwork","delay_cause":"بانتظار رد الأمانة","milestone":"permit_application","has_problem_today":false,"plan_completed_today":true}
daily-progress-report|DUMMY-04/2026-08-03/1	daily-progress-report	{"report_date":"2026-08-03","project":"@@ref:projects|DUMMY-04@@","crew_count":3,"weather":"clear","had_delay":false,"phase":"paperwork","milestone":"design_approval","has_problem_today":false,"plan_completed_today":false}
daily-progress-report|DUMMY-01/2026-08-04/1	daily-progress-report	{"report_date":"2026-08-04","project":"@@ref:projects|DUMMY-01@@","crew_count":12,"weather":"clear","had_delay":false,"phase":"foundation","footing":"@@ref:project-footings|DUMMY-01/footing_3@@","has_problem_today":false,"plan_completed_today":false}
daily-progress-report|DUMMY-02/2026-08-04/1	daily-progress-report	{"report_date":"2026-08-04","project":"@@ref:projects|DUMMY-02@@","crew_count":14,"weather":"clear","had_delay":false,"phase":"excavation","zone":"@@ref:project-zones|DUMMY-02/zone_3@@","has_problem_today":false,"plan_completed_today":true}
daily-progress-report|DUMMY-03/2026-08-04/1	daily-progress-report	{"report_date":"2026-08-04","project":"@@ref:projects|DUMMY-03@@","crew_count":3,"weather":"clear","had_delay":false,"phase":"paperwork","milestone":"permit_application","has_problem_today":false,"plan_completed_today":true}
daily-progress-report|DUMMY-04/2026-08-04/1	daily-progress-report	{"report_date":"2026-08-04","project":"@@ref:projects|DUMMY-04@@","crew_count":3,"weather":"sandstorm","had_delay":false,"phase":"paperwork","milestone":"design_approval","has_problem_today":false,"plan_completed_today":true}
daily-progress-report|DUMMY-01/2026-08-05/1	daily-progress-report	{"report_date":"2026-08-05","project":"@@ref:projects|DUMMY-01@@","crew_count":12,"weather":"sandstorm","had_delay":true,"phase":"foundation","delay_cause":"انعدام الرؤية بسبب الغبار","footing":"@@ref:project-footings|DUMMY-01/footing_3@@","has_problem_today":false,"plan_completed_today":true}
daily-progress-report|DUMMY-02/2026-08-05/1	daily-progress-report	{"report_date":"2026-08-05","project":"@@ref:projects|DUMMY-02@@","crew_count":11,"weather":"extreme_heat","had_delay":true,"phase":"excavation","delay_cause":"حظر العمل تحت أشعة الشمس وقت الظهيرة","zone":"@@ref:project-zones|DUMMY-02/zone_4@@","has_problem_today":false,"plan_completed_today":false}
daily-progress-report|DUMMY-03/2026-08-05/1	daily-progress-report	{"report_date":"2026-08-05","project":"@@ref:projects|DUMMY-03@@","crew_count":3,"weather":"sandstorm","had_delay":true,"phase":"paperwork","delay_cause":"بانتظار رد الأمانة","milestone":"permit_application","has_problem_today":false,"plan_completed_today":false}
daily-progress-report|DUMMY-04/2026-08-05/1	daily-progress-report	{"report_date":"2026-08-05","project":"@@ref:projects|DUMMY-04@@","crew_count":3,"weather":"extreme_heat","had_delay":true,"phase":"paperwork","delay_cause":"بانتظار رد الأمانة","milestone":"design_approval","has_problem_today":false,"plan_completed_today":false}
daily-progress-report|DUMMY-01/2026-08-06/1	daily-progress-report	{"report_date":"2026-08-06","project":"@@ref:projects|DUMMY-01@@","crew_count":13,"weather":"clear","had_delay":false,"phase":"foundation","footing":"@@ref:project-footings|DUMMY-01/footing_3@@","has_problem_today":true,"problem_description":"نتيجة اختبار الهبوط للخرسانة خارج الحدود المسموحة.","plan_completed_today":true}
daily-progress-report|DUMMY-02/2026-08-06/1	daily-progress-report	{"report_date":"2026-08-06","project":"@@ref:projects|DUMMY-02@@","crew_count":14,"weather":"clear","had_delay":true,"phase":"excavation","delay_cause":"تأخر وصول حديد التسليح","zone":"@@ref:project-zones|DUMMY-02/zone_4@@","has_problem_today":false,"plan_completed_today":true}
daily-progress-report|DUMMY-03/2026-08-06/1	daily-progress-report	{"report_date":"2026-08-06","project":"@@ref:projects|DUMMY-03@@","crew_count":3,"weather":"clear","had_delay":false,"phase":"paperwork","milestone":"permit_application","has_problem_today":true,"problem_description":"نقص في المستندات المطلوبة لاستكمال الطلب.","plan_completed_today":true}
daily-progress-report|DUMMY-04/2026-08-06/1	daily-progress-report	{"report_date":"2026-08-06","project":"@@ref:projects|DUMMY-04@@","crew_count":3,"weather":"clear","had_delay":false,"phase":"paperwork","milestone":"design_approval","has_problem_today":false,"plan_completed_today":true}
daily-progress-report|DUMMY-01/2026-08-08/1	daily-progress-report	{"report_date":"2026-08-08","project":"@@ref:projects|DUMMY-01@@","crew_count":12,"weather":"sandstorm","had_delay":true,"phase":"foundation","delay_cause":"عاصفة رملية أوقفت العمل في الموقع","footing":"@@ref:project-footings|DUMMY-01/footing_4@@","has_problem_today":true,"problem_description":"نتيجة اختبار الهبوط للخرسانة خارج الحدود المسموحة.","plan_completed_today":false}
daily-progress-report|DUMMY-02/2026-08-08/1	daily-progress-report	{"report_date":"2026-08-08","project":"@@ref:projects|DUMMY-02@@","crew_count":14,"weather":"clear","had_delay":false,"phase":"excavation","zone":"@@ref:project-zones|DUMMY-02/zone_4@@","has_problem_today":false,"plan_completed_today":true}
daily-progress-report|DUMMY-03/2026-08-08/1	daily-progress-report	{"report_date":"2026-08-08","project":"@@ref:projects|DUMMY-03@@","crew_count":3,"weather":"sandstorm","had_delay":true,"phase":"paperwork","delay_cause":"تأخر اعتماد المالك","milestone":"permit_application","has_problem_today":false,"plan_completed_today":false}
daily-progress-report|DUMMY-04/2026-08-08/1	daily-progress-report	{"report_date":"2026-08-08","project":"@@ref:projects|DUMMY-04@@","crew_count":3,"weather":"clear","had_delay":false,"phase":"paperwork","milestone":"design_approval","has_problem_today":false,"plan_completed_today":true}
daily-progress-report|DUMMY-01/2026-08-09/1	daily-progress-report	{"report_date":"2026-08-09","project":"@@ref:projects|DUMMY-01@@","crew_count":16,"weather":"clear","had_delay":false,"phase":"foundation","footing":"@@ref:project-footings|DUMMY-01/footing_4@@","has_problem_today":false,"plan_completed_today":true}
daily-progress-report|DUMMY-02/2026-08-09/1	daily-progress-report	{"report_date":"2026-08-09","project":"@@ref:projects|DUMMY-02@@","crew_count":20,"weather":"clear","had_delay":false,"phase":"foundation","footing":"@@ref:project-footings|DUMMY-02/footing_1@@","has_problem_today":false,"plan_completed_today":true}
daily-progress-report|DUMMY-03/2026-08-09/1	daily-progress-report	{"report_date":"2026-08-09","project":"@@ref:projects|DUMMY-03@@","crew_count":3,"weather":"clear","had_delay":false,"phase":"paperwork","milestone":"permit_application","has_problem_today":false,"plan_completed_today":false}
daily-progress-report|DUMMY-04/2026-08-09/1	daily-progress-report	{"report_date":"2026-08-09","project":"@@ref:projects|DUMMY-04@@","crew_count":3,"weather":"sandstorm","had_delay":false,"phase":"paperwork","milestone":"permit_application","has_problem_today":false,"plan_completed_today":true}
daily-progress-report|DUMMY-01/2026-08-10/1	daily-progress-report	{"report_date":"2026-08-10","project":"@@ref:projects|DUMMY-01@@","crew_count":11,"weather":"extreme_heat","had_delay":true,"phase":"foundation","delay_cause":"توقف العمل بسبب الحرارة الشديدة","footing":"@@ref:project-footings|DUMMY-01/footing_4@@","has_problem_today":false,"plan_completed_today":false}
daily-progress-report|DUMMY-02/2026-08-10/1	daily-progress-report	{"report_date":"2026-08-10","project":"@@ref:projects|DUMMY-02@@","crew_count":18,"weather":"extreme_heat","had_delay":true,"phase":"foundation","delay_cause":"حظر العمل تحت أشعة الشمس وقت الظهيرة","footing":"@@ref:project-footings|DUMMY-02/footing_1@@","has_problem_today":false,"plan_completed_today":true}
daily-progress-report|DUMMY-03/2026-08-10/1	daily-progress-report	{"report_date":"2026-08-10","project":"@@ref:projects|DUMMY-03@@","crew_count":3,"weather":"extreme_heat","had_delay":false,"phase":"paperwork","milestone":"permit_application","has_problem_today":false,"plan_completed_today":false}
daily-progress-report|DUMMY-04/2026-08-10/1	daily-progress-report	{"report_date":"2026-08-10","project":"@@ref:projects|DUMMY-04@@","crew_count":3,"weather":"clear","had_delay":false,"phase":"paperwork","milestone":"permit_application","has_problem_today":false,"plan_completed_today":true}
daily-progress-report|DUMMY-01/2026-08-11/1	daily-progress-report	{"report_date":"2026-08-11","project":"@@ref:projects|DUMMY-01@@","crew_count":11,"weather":"extreme_heat","had_delay":true,"phase":"foundation","delay_cause":"توقف العمل بسبب الحرارة الشديدة","footing":"@@ref:project-footings|DUMMY-01/footing_4@@","has_problem_today":false,"plan_completed_today":true}
daily-progress-report|DUMMY-02/2026-08-11/1	daily-progress-report	{"report_date":"2026-08-11","project":"@@ref:projects|DUMMY-02@@","crew_count":19,"weather":"clear","had_delay":false,"phase":"foundation","footing":"@@ref:project-footings|DUMMY-02/footing_2@@","has_problem_today":false,"plan_completed_today":true}
daily-progress-report|DUMMY-03/2026-08-11/1	daily-progress-report	{"report_date":"2026-08-11","project":"@@ref:projects|DUMMY-03@@","crew_count":3,"weather":"extreme_heat","had_delay":true,"phase":"paperwork","delay_cause":"نواقص في مستندات الطلب","milestone":"permit_application","has_problem_today":false,"plan_completed_today":true}
daily-progress-report|DUMMY-04/2026-08-11/1	daily-progress-report	{"report_date":"2026-08-11","project":"@@ref:projects|DUMMY-04@@","crew_count":3,"weather":"clear","had_delay":false,"phase":"paperwork","milestone":"permit_application","has_problem_today":false,"plan_completed_today":true}
daily-progress-report|DUMMY-01/2026-08-12/1	daily-progress-report	{"report_date":"2026-08-12","project":"@@ref:projects|DUMMY-01@@","crew_count":23,"weather":"clear","had_delay":false,"phase":"structural","floor":"@@ref:project-floors|DUMMY-01/floor_1@@","has_problem_today":false,"plan_completed_today":true}
daily-progress-report|DUMMY-02/2026-08-12/1	daily-progress-report	{"report_date":"2026-08-12","project":"@@ref:projects|DUMMY-02@@","crew_count":18,"weather":"clear","had_delay":false,"phase":"foundation","footing":"@@ref:project-footings|DUMMY-02/footing_2@@","has_problem_today":false,"plan_completed_today":true}
daily-progress-report|DUMMY-03/2026-08-12/1	daily-progress-report	{"report_date":"2026-08-12","project":"@@ref:projects|DUMMY-03@@","crew_count":3,"weather":"clear","had_delay":false,"phase":"paperwork","milestone":"utility_approvals","has_problem_today":false,"plan_completed_today":false}
daily-progress-report|DUMMY-04/2026-08-12/1	daily-progress-report	{"report_date":"2026-08-12","project":"@@ref:projects|DUMMY-04@@","crew_count":3,"weather":"clear","had_delay":false,"phase":"paperwork","milestone":"permit_application","has_problem_today":false,"plan_completed_today":false}
daily-progress-report|DUMMY-01/2026-08-13/1	daily-progress-report	{"report_date":"2026-08-13","project":"@@ref:projects|DUMMY-01@@","crew_count":24,"weather":"clear","had_delay":false,"phase":"structural","floor":"@@ref:project-floors|DUMMY-01/floor_1@@","has_problem_today":false,"plan_completed_today":true}
daily-progress-report|DUMMY-02/2026-08-13/1	daily-progress-report	{"report_date":"2026-08-13","project":"@@ref:projects|DUMMY-02@@","crew_count":17,"weather":"extreme_heat","had_delay":true,"phase":"foundation","delay_cause":"حظر العمل تحت أشعة الشمس وقت الظهيرة","footing":"@@ref:project-footings|DUMMY-02/footing_3@@","has_problem_today":false,"plan_completed_today":true}
daily-progress-report|DUMMY-03/2026-08-13/1	daily-progress-report	{"report_date":"2026-08-13","project":"@@ref:projects|DUMMY-03@@","crew_count":3,"weather":"clear","had_delay":false,"phase":"paperwork","milestone":"utility_approvals","has_problem_today":false,"plan_completed_today":true}
daily-progress-report|DUMMY-04/2026-08-13/1	daily-progress-report	{"report_date":"2026-08-13","project":"@@ref:projects|DUMMY-04@@","crew_count":3,"weather":"clear","had_delay":false,"phase":"paperwork","milestone":"permit_application","has_problem_today":false,"plan_completed_today":true}
daily-progress-report|DUMMY-01/2026-08-15/1	daily-progress-report	{"report_date":"2026-08-15","project":"@@ref:projects|DUMMY-01@@","crew_count":23,"weather":"clear","had_delay":false,"phase":"structural","floor":"@@ref:project-floors|DUMMY-01/floor_1@@","has_problem_today":false,"plan_completed_today":true}
daily-progress-report|DUMMY-02/2026-08-15/1	daily-progress-report	{"report_date":"2026-08-15","project":"@@ref:projects|DUMMY-02@@","crew_count":19,"weather":"clear","had_delay":false,"phase":"foundation","footing":"@@ref:project-footings|DUMMY-02/footing_3@@","has_problem_today":false,"plan_completed_today":true}
daily-progress-report|DUMMY-03/2026-08-15/1	daily-progress-report	{"report_date":"2026-08-15","project":"@@ref:projects|DUMMY-03@@","crew_count":3,"weather":"clear","had_delay":false,"phase":"paperwork","milestone":"utility_approvals","has_problem_today":false,"plan_completed_today":true}
daily-progress-report|DUMMY-04/2026-08-15/1	daily-progress-report	{"report_date":"2026-08-15","project":"@@ref:projects|DUMMY-04@@","crew_count":3,"weather":"extreme_heat","had_delay":false,"phase":"paperwork","milestone":"utility_approvals","has_problem_today":false,"plan_completed_today":true}
daily-progress-report|DUMMY-01/2026-08-16/1	daily-progress-report	{"report_date":"2026-08-16","project":"@@ref:projects|DUMMY-01@@","crew_count":24,"weather":"clear","had_delay":false,"phase":"structural","floor":"@@ref:project-floors|DUMMY-01/floor_1@@","has_problem_today":false,"plan_completed_today":false}
daily-progress-report|DUMMY-02/2026-08-16/1	daily-progress-report	{"report_date":"2026-08-16","project":"@@ref:projects|DUMMY-02@@","crew_count":22,"weather":"clear","had_delay":false,"phase":"foundation","footing":"@@ref:project-footings|DUMMY-02/footing_4@@","has_problem_today":false,"plan_completed_today":true}
daily-progress-report|DUMMY-03/2026-08-16/1	daily-progress-report	{"report_date":"2026-08-16","project":"@@ref:projects|DUMMY-03@@","crew_count":3,"weather":"clear","had_delay":true,"phase":"paperwork","delay_cause":"ملاحظات على المخططات من الجهة المختصة","milestone":"utility_approvals","has_problem_today":true,"problem_description":"طلب الجهة المختصة تعديلات على المخططات المعمارية.","plan_completed_today":false}
daily-progress-report|DUMMY-04/2026-08-16/1	daily-progress-report	{"report_date":"2026-08-16","project":"@@ref:projects|DUMMY-04@@","crew_count":3,"weather":"clear","had_delay":false,"phase":"paperwork","milestone":"utility_approvals","has_problem_today":false,"plan_completed_today":true}
daily-progress-report|DUMMY-01/2026-08-17/1	daily-progress-report	{"report_date":"2026-08-17","project":"@@ref:projects|DUMMY-01@@","crew_count":16,"weather":"sandstorm","had_delay":true,"phase":"structural","delay_cause":"انعدام الرؤية بسبب الغبار","floor":"@@ref:project-floors|DUMMY-01/floor_1@@","has_problem_today":false,"plan_completed_today":true}
daily-progress-report|DUMMY-02/2026-08-17/1	daily-progress-report	{"report_date":"2026-08-17","project":"@@ref:projects|DUMMY-02@@","crew_count":18,"weather":"clear","had_delay":false,"phase":"foundation","footing":"@@ref:project-footings|DUMMY-02/footing_4@@","has_problem_today":false,"plan_completed_today":true}
daily-progress-report|DUMMY-03/2026-08-17/1	daily-progress-report	{"report_date":"2026-08-17","project":"@@ref:projects|DUMMY-03@@","crew_count":3,"weather":"sandstorm","had_delay":false,"phase":"paperwork","milestone":"utility_approvals","has_problem_today":true,"problem_description":"طلب الجهة المختصة تعديلات على المخططات المعمارية.","plan_completed_today":false}
daily-progress-report|DUMMY-04/2026-08-17/1	daily-progress-report	{"report_date":"2026-08-17","project":"@@ref:projects|DUMMY-04@@","crew_count":3,"weather":"extreme_heat","had_delay":false,"phase":"paperwork","milestone":"utility_approvals","has_problem_today":false,"plan_completed_today":true}
daily-progress-report|DUMMY-01/2026-08-18/1	daily-progress-report	{"report_date":"2026-08-18","project":"@@ref:projects|DUMMY-01@@","crew_count":15,"weather":"extreme_heat","had_delay":true,"phase":"structural","delay_cause":"توقف العمل بسبب الحرارة الشديدة","floor":"@@ref:project-floors|DUMMY-01/floor_1@@","has_problem_today":false,"plan_completed_today":false}
daily-progress-report|DUMMY-02/2026-08-18/1	daily-progress-report	{"report_date":"2026-08-18","project":"@@ref:projects|DUMMY-02@@","crew_count":22,"weather":"clear","had_delay":true,"phase":"foundation","delay_cause":"تأخر فحص المختبر","footing":"@@ref:project-footings|DUMMY-02/footing_5@@","has_problem_today":false,"plan_completed_today":true}
daily-progress-report|DUMMY-03/2026-08-18/1	daily-progress-report	{"report_date":"2026-08-18","project":"@@ref:projects|DUMMY-03@@","crew_count":3,"weather":"extreme_heat","had_delay":false,"phase":"paperwork","milestone":"utility_approvals","has_problem_today":false,"plan_completed_today":false}
daily-progress-report|DUMMY-04/2026-08-18/1	daily-progress-report	{"report_date":"2026-08-18","project":"@@ref:projects|DUMMY-04@@","crew_count":3,"weather":"clear","had_delay":false,"phase":"paperwork","milestone":"final_permit","has_problem_today":false,"plan_completed_today":false}
daily-progress-report|DUMMY-01/2026-08-19/1	daily-progress-report	{"report_date":"2026-08-19","project":"@@ref:projects|DUMMY-01@@","crew_count":24,"weather":"clear","had_delay":false,"phase":"structural","floor":"@@ref:project-floors|DUMMY-01/floor_1@@","has_problem_today":false,"plan_completed_today":false}
daily-progress-report|DUMMY-02/2026-08-19/1	daily-progress-report	{"report_date":"2026-08-19","project":"@@ref:projects|DUMMY-02@@","crew_count":14,"weather":"extreme_heat","had_delay":true,"phase":"foundation","delay_cause":"حظر العمل تحت أشعة الشمس وقت الظهيرة","footing":"@@ref:project-footings|DUMMY-02/footing_5@@","has_problem_today":false,"plan_completed_today":true}
daily-progress-report|DUMMY-03/2026-08-19/1	daily-progress-report	{"report_date":"2026-08-19","project":"@@ref:projects|DUMMY-03@@","crew_count":3,"weather":"clear","had_delay":false,"phase":"paperwork","milestone":"utility_approvals","has_problem_today":false,"plan_completed_today":false}
daily-progress-report|DUMMY-04/2026-08-19/1	daily-progress-report	{"report_date":"2026-08-19","project":"@@ref:projects|DUMMY-04@@","crew_count":3,"weather":"clear","had_delay":false,"phase":"paperwork","milestone":"final_permit","has_problem_today":false,"plan_completed_today":true}
daily-progress-report|DUMMY-01/2026-08-20/1	daily-progress-report	{"report_date":"2026-08-20","project":"@@ref:projects|DUMMY-01@@","crew_count":20,"weather":"clear","had_delay":false,"phase":"structural","floor":"@@ref:project-floors|DUMMY-01/floor_1@@","has_problem_today":false,"plan_completed_today":true}
daily-progress-report|DUMMY-02/2026-08-20/1	daily-progress-report	{"report_date":"2026-08-20","project":"@@ref:projects|DUMMY-02@@","crew_count":18,"weather":"extreme_heat","had_delay":false,"phase":"foundation","footing":"@@ref:project-footings|DUMMY-02/footing_6@@","has_problem_today":false,"plan_completed_today":true}
daily-progress-report|DUMMY-03/2026-08-20/1	daily-progress-report	{"report_date":"2026-08-20","project":"@@ref:projects|DUMMY-03@@","crew_count":3,"weather":"clear","had_delay":false,"phase":"paperwork","milestone":"utility_approvals","has_problem_today":false,"plan_completed_today":true}
daily-progress-report|DUMMY-04/2026-08-20/1	daily-progress-report	{"report_date":"2026-08-20","project":"@@ref:projects|DUMMY-04@@","crew_count":12,"weather":"extreme_heat","had_delay":true,"phase":"excavation","delay_cause":"توقف العمل بسبب الحرارة الشديدة","zone":"@@ref:project-zones|DUMMY-04/zone_1@@","has_problem_today":true,"problem_description":"ظهور مياه جوفية في قاع الحفر وتحتاج إلى نزح.","plan_completed_today":false}
daily-progress-report|DUMMY-04/2026-08-20/2	daily-progress-report	{"report_date":"2026-08-20","project":"@@ref:projects|DUMMY-04@@","crew_count":10,"weather":"extreme_heat","had_delay":true,"phase":"excavation","delay_cause":"حظر العمل تحت أشعة الشمس وقت الظهيرة","zone":"@@ref:project-zones|DUMMY-04/zone_2@@","has_problem_today":false,"plan_completed_today":true}
daily-progress-report|DUMMY-01/2026-08-22/1	daily-progress-report	{"report_date":"2026-08-22","project":"@@ref:projects|DUMMY-01@@","crew_count":16,"weather":"sandstorm","had_delay":true,"phase":"structural","delay_cause":"عاصفة رملية أوقفت العمل في الموقع","floor":"@@ref:project-floors|DUMMY-01/floor_1@@","has_problem_today":true,"problem_description":"إصابة عمل بسيطة وتم التعامل معها في الموقع.","plan_completed_today":false}
daily-progress-report|DUMMY-02/2026-08-22/1	daily-progress-report	{"report_date":"2026-08-22","project":"@@ref:projects|DUMMY-02@@","crew_count":20,"weather":"clear","had_delay":false,"phase":"foundation","footing":"@@ref:project-footings|DUMMY-02/footing_6@@","has_problem_today":false,"plan_completed_today":false}
daily-progress-report|DUMMY-03/2026-08-22/1	daily-progress-report	{"report_date":"2026-08-22","project":"@@ref:projects|DUMMY-03@@","crew_count":3,"weather":"sandstorm","had_delay":false,"phase":"paperwork","milestone":"final_permit","has_problem_today":false,"plan_completed_today":true}
daily-progress-report|DUMMY-04/2026-08-22/1	daily-progress-report	{"report_date":"2026-08-22","project":"@@ref:projects|DUMMY-04@@","crew_count":13,"weather":"clear","had_delay":false,"phase":"excavation","zone":"@@ref:project-zones|DUMMY-04/zone_1@@","has_problem_today":false,"plan_completed_today":true}
daily-progress-report|DUMMY-04/2026-08-22/2	daily-progress-report	{"report_date":"2026-08-22","project":"@@ref:projects|DUMMY-04@@","crew_count":14,"weather":"clear","had_delay":false,"phase":"excavation","zone":"@@ref:project-zones|DUMMY-04/zone_2@@","has_problem_today":false,"plan_completed_today":false}
daily-progress-report|DUMMY-01/2026-08-23/1	daily-progress-report	{"report_date":"2026-08-23","project":"@@ref:projects|DUMMY-01@@","crew_count":21,"weather":"clear","had_delay":false,"phase":"structural","floor":"@@ref:project-floors|DUMMY-01/floor_1@@","has_problem_today":false,"plan_completed_today":true}
daily-progress-report|DUMMY-02/2026-08-23/1	daily-progress-report	{"report_date":"2026-08-23","project":"@@ref:projects|DUMMY-02@@","crew_count":17,"weather":"clear","had_delay":false,"phase":"foundation","footing":"@@ref:project-footings|DUMMY-02/footing_6@@","has_problem_today":false,"plan_completed_today":false}
daily-progress-report|DUMMY-03/2026-08-23/1	daily-progress-report	{"report_date":"2026-08-23","project":"@@ref:projects|DUMMY-03@@","crew_count":14,"weather":"clear","had_delay":false,"phase":"excavation","zone":"@@ref:project-zones|DUMMY-03/zone_1@@","has_problem_today":false,"plan_completed_today":true}
daily-progress-report|DUMMY-03/2026-08-23/2	daily-progress-report	{"report_date":"2026-08-23","project":"@@ref:projects|DUMMY-03@@","crew_count":16,"weather":"clear","had_delay":true,"phase":"excavation","delay_cause":"عطل في الحفار","zone":"@@ref:project-zones|DUMMY-03/zone_2@@","has_problem_today":true,"problem_description":"انهيار جزئي في جوانب الحفر ويحتاج إلى تدعيم.","plan_completed_today":false}
daily-progress-report|DUMMY-04/2026-08-23/1	daily-progress-report	{"report_date":"2026-08-23","project":"@@ref:projects|DUMMY-04@@","crew_count":16,"weather":"clear","had_delay":false,"phase":"excavation","zone":"@@ref:project-zones|DUMMY-04/zone_1@@","has_problem_today":false,"plan_completed_today":true}
daily-progress-report|DUMMY-04/2026-08-23/2	daily-progress-report	{"report_date":"2026-08-23","project":"@@ref:projects|DUMMY-04@@","crew_count":13,"weather":"clear","had_delay":false,"phase":"excavation","zone":"@@ref:project-zones|DUMMY-04/zone_2@@","has_problem_today":false,"plan_completed_today":true}
daily-progress-report|DUMMY-01/2026-08-24/1	daily-progress-report	{"report_date":"2026-08-24","project":"@@ref:projects|DUMMY-01@@","crew_count":19,"weather":"clear","had_delay":false,"phase":"structural","floor":"@@ref:project-floors|DUMMY-01/floor_1@@","has_problem_today":false,"plan_completed_today":true}
daily-progress-report|DUMMY-02/2026-08-24/1	daily-progress-report	{"report_date":"2026-08-24","project":"@@ref:projects|DUMMY-02@@","crew_count":16,"weather":"sandstorm","had_delay":true,"phase":"foundation","delay_cause":"عاصفة رملية أوقفت العمل في الموقع","footing":"@@ref:project-footings|DUMMY-02/footing_6@@","has_problem_today":false,"plan_completed_today":false}
daily-progress-report|DUMMY-03/2026-08-24/1	daily-progress-report	{"report_date":"2026-08-24","project":"@@ref:projects|DUMMY-03@@","crew_count":17,"weather":"clear","had_delay":true,"phase":"excavation","delay_cause":"تأخر وصول الرافعة","zone":"@@ref:project-zones|DUMMY-03/zone_1@@","has_problem_today":false,"plan_completed_today":true}
daily-progress-report|DUMMY-03/2026-08-24/2	daily-progress-report	{"report_date":"2026-08-24","project":"@@ref:projects|DUMMY-03@@","crew_count":15,"weather":"clear","had_delay":false,"phase":"excavation","zone":"@@ref:project-zones|DUMMY-03/zone_2@@","has_problem_today":false,"plan_completed_today":true}
daily-progress-report|DUMMY-04/2026-08-24/1	daily-progress-report	{"report_date":"2026-08-24","project":"@@ref:projects|DUMMY-04@@","crew_count":12,"weather":"extreme_heat","had_delay":false,"phase":"excavation","zone":"@@ref:project-zones|DUMMY-04/zone_3@@","has_problem_today":false,"plan_completed_today":true}
daily-progress-report|DUMMY-04/2026-08-24/2	daily-progress-report	{"report_date":"2026-08-24","project":"@@ref:projects|DUMMY-04@@","crew_count":12,"weather":"extreme_heat","had_delay":true,"phase":"excavation","delay_cause":"توقف العمل بسبب الحرارة الشديدة","zone":"@@ref:project-zones|DUMMY-04/zone_4@@","has_problem_today":true,"problem_description":"وجود صخور صلبة تتطلب معدات تكسير إضافية.","plan_completed_today":false}
daily-progress-report|DUMMY-01/2026-08-25/1	daily-progress-report	{"report_date":"2026-08-25","project":"@@ref:projects|DUMMY-01@@","crew_count":20,"weather":"clear","had_delay":false,"phase":"structural","floor":"@@ref:project-floors|DUMMY-01/floor_1@@","has_problem_today":false,"plan_completed_today":true}
daily-progress-report|DUMMY-02/2026-08-25/1	daily-progress-report	{"report_date":"2026-08-25","project":"@@ref:projects|DUMMY-02@@","crew_count":21,"weather":"clear","had_delay":false,"phase":"foundation","footing":"@@ref:project-footings|DUMMY-02/footing_6@@","has_problem_today":false,"plan_completed_today":true}
daily-progress-report|DUMMY-03/2026-08-25/1	daily-progress-report	{"report_date":"2026-08-25","project":"@@ref:projects|DUMMY-03@@","crew_count":16,"weather":"clear","had_delay":false,"phase":"excavation","zone":"@@ref:project-zones|DUMMY-03/zone_2@@","has_problem_today":false,"plan_completed_today":false}
daily-progress-report|DUMMY-03/2026-08-25/2	daily-progress-report	{"report_date":"2026-08-25","project":"@@ref:projects|DUMMY-03@@","crew_count":18,"weather":"clear","had_delay":true,"phase":"excavation","delay_cause":"انقطاع التيار الكهربائي في الموقع","zone":"@@ref:project-zones|DUMMY-03/zone_3@@","has_problem_today":false,"plan_completed_today":false}
daily-progress-report|DUMMY-04/2026-08-25/1	daily-progress-report	{"report_date":"2026-08-25","project":"@@ref:projects|DUMMY-04@@","crew_count":12,"weather":"other","had_delay":false,"phase":"excavation","zone":"@@ref:project-zones|DUMMY-04/zone_3@@","has_problem_today":false,"plan_completed_today":true}
daily-progress-report|DUMMY-04/2026-08-25/2	daily-progress-report	{"report_date":"2026-08-25","project":"@@ref:projects|DUMMY-04@@","crew_count":16,"weather":"other","had_delay":false,"phase":"excavation","zone":"@@ref:project-zones|DUMMY-04/zone_4@@","has_problem_today":false,"plan_completed_today":true}
daily-progress-report|DUMMY-01/2026-08-26/1	daily-progress-report	{"report_date":"2026-08-26","project":"@@ref:projects|DUMMY-01@@","crew_count":16,"weather":"rain","had_delay":true,"phase":"structural","delay_cause":"توقف الصب بسبب الأمطار","floor":"@@ref:project-floors|DUMMY-01/floor_2@@","has_problem_today":false,"plan_completed_today":false}
daily-progress-report|DUMMY-01/2026-08-26/2	daily-progress-report	{"report_date":"2026-08-26","project":"@@ref:projects|DUMMY-01@@","crew_count":7,"weather":"rain","had_delay":true,"phase":"mep","delay_cause":"توقف الصب بسبب الأمطار","mep_trade":"electrical","mep_room":"floor_1","has_problem_today":false,"plan_completed_today":true}
daily-progress-report|DUMMY-02/2026-08-26/1	daily-progress-report	{"report_date":"2026-08-26","project":"@@ref:projects|DUMMY-02@@","crew_count":33,"weather":"clear","had_delay":false,"phase":"structural","floor":"@@ref:project-floors|DUMMY-02/floor_1@@","has_problem_today":false,"plan_completed_today":false}
daily-progress-report|DUMMY-03/2026-08-26/1	daily-progress-report	{"report_date":"2026-08-26","project":"@@ref:projects|DUMMY-03@@","crew_count":15,"weather":"rain","had_delay":true,"phase":"excavation","delay_cause":"هطول أمطار وتجمع مياه في الموقع","zone":"@@ref:project-zones|DUMMY-03/zone_2@@","has_problem_today":false,"plan_completed_today":false}
daily-progress-report|DUMMY-03/2026-08-26/2	daily-progress-report	{"report_date":"2026-08-26","project":"@@ref:projects|DUMMY-03@@","crew_count":11,"weather":"rain","had_delay":true,"phase":"excavation","delay_cause":"توقف الصب بسبب الأمطار","zone":"@@ref:project-zones|DUMMY-03/zone_3@@","has_problem_today":false,"plan_completed_today":false}
daily-progress-report|DUMMY-04/2026-08-26/1	daily-progress-report	{"report_date":"2026-08-26","project":"@@ref:projects|DUMMY-04@@","crew_count":14,"weather":"clear","had_delay":false,"phase":"excavation","zone":"@@ref:project-zones|DUMMY-04/zone_4@@","has_problem_today":false,"plan_completed_today":true}
daily-progress-report|DUMMY-04/2026-08-26/2	daily-progress-report	{"report_date":"2026-08-26","project":"@@ref:projects|DUMMY-04@@","crew_count":12,"weather":"clear","had_delay":true,"phase":"excavation","delay_cause":"تأخر توريد الخرسانة الجاهزة","zone":"@@ref:project-zones|DUMMY-04/zone_5@@","has_problem_today":false,"plan_completed_today":false}
daily-progress-report|DUMMY-01/2026-08-27/1	daily-progress-report	{"report_date":"2026-08-27","project":"@@ref:projects|DUMMY-01@@","crew_count":25,"weather":"clear","had_delay":false,"phase":"structural","floor":"@@ref:project-floors|DUMMY-01/floor_2@@","has_problem_today":false,"plan_completed_today":true}
daily-progress-report|DUMMY-01/2026-08-27/2	daily-progress-report	{"report_date":"2026-08-27","project":"@@ref:projects|DUMMY-01@@","crew_count":8,"weather":"clear","had_delay":true,"phase":"mep","delay_cause":"عطل في مضخة الخرسانة","mep_trade":"electrical","mep_room":"floor_1","has_problem_today":false,"plan_completed_today":true}
daily-progress-report|DUMMY-02/2026-08-27/1	daily-progress-report	{"report_date":"2026-08-27","project":"@@ref:projects|DUMMY-02@@","crew_count":35,"weather":"clear","had_delay":false,"phase":"structural","floor":"@@ref:project-floors|DUMMY-02/floor_1@@","has_problem_today":false,"plan_completed_today":true}
daily-progress-report|DUMMY-03/2026-08-27/1	daily-progress-report	{"report_date":"2026-08-27","project":"@@ref:projects|DUMMY-03@@","crew_count":18,"weather":"clear","had_delay":false,"phase":"excavation","zone":"@@ref:project-zones|DUMMY-03/zone_2@@","has_problem_today":false,"plan_completed_today":false}
daily-progress-report|DUMMY-03/2026-08-27/2	daily-progress-report	{"report_date":"2026-08-27","project":"@@ref:projects|DUMMY-03@@","crew_count":14,"weather":"clear","had_delay":true,"phase":"excavation","delay_cause":"تأخر فحص المختبر","zone":"@@ref:project-zones|DUMMY-03/zone_3@@","has_problem_today":false,"plan_completed_today":false}
daily-progress-report|DUMMY-04/2026-08-27/1	daily-progress-report	{"report_date":"2026-08-27","project":"@@ref:projects|DUMMY-04@@","crew_count":11,"weather":"extreme_heat","had_delay":true,"phase":"excavation","delay_cause":"حظر العمل تحت أشعة الشمس وقت الظهيرة","zone":"@@ref:project-zones|DUMMY-04/zone_5@@","has_problem_today":false,"plan_completed_today":false}
daily-progress-report|DUMMY-04/2026-08-27/2	daily-progress-report	{"report_date":"2026-08-27","project":"@@ref:projects|DUMMY-04@@","crew_count":12,"weather":"extreme_heat","had_delay":false,"phase":"excavation","zone":"@@ref:project-zones|DUMMY-04/zone_6@@","has_problem_today":false,"plan_completed_today":true}
daily-progress-report|DUMMY-01/2026-08-29/1	daily-progress-report	{"report_date":"2026-08-29","project":"@@ref:projects|DUMMY-01@@","crew_count":20,"weather":"clear","had_delay":false,"phase":"structural","floor":"@@ref:project-floors|DUMMY-01/floor_2@@","has_problem_today":false,"plan_completed_today":true}
daily-progress-report|DUMMY-01/2026-08-29/2	daily-progress-report	{"report_date":"2026-08-29","project":"@@ref:projects|DUMMY-01@@","crew_count":8,"weather":"clear","had_delay":false,"phase":"mep","mep_trade":"electrical","mep_room":"floor_1","has_problem_today":false,"plan_completed_today":true}
daily-progress-report|DUMMY-02/2026-08-29/1	daily-progress-report	{"report_date":"2026-08-29","project":"@@ref:projects|DUMMY-02@@","crew_count":25,"weather":"extreme_heat","had_delay":true,"phase":"structural","delay_cause":"توقف العمل بسبب الحرارة الشديدة","floor":"@@ref:project-floors|DUMMY-02/floor_1@@","has_problem_today":false,"plan_completed_today":true}
daily-progress-report|DUMMY-03/2026-08-29/1	daily-progress-report	{"report_date":"2026-08-29","project":"@@ref:projects|DUMMY-03@@","crew_count":16,"weather":"clear","had_delay":false,"phase":"excavation","zone":"@@ref:project-zones|DUMMY-03/zone_2@@","has_problem_today":true,"problem_description":"انهيار جزئي في جوانب الحفر ويحتاج إلى تدعيم.","plan_completed_today":false}
daily-progress-report|DUMMY-03/2026-08-29/2	daily-progress-report	{"report_date":"2026-08-29","project":"@@ref:projects|DUMMY-03@@","crew_count":19,"weather":"clear","had_delay":false,"phase":"excavation","zone":"@@ref:project-zones|DUMMY-03/zone_3@@","has_problem_today":false,"plan_completed_today":true}
daily-progress-report|DUMMY-04/2026-08-29/1	daily-progress-report	{"report_date":"2026-08-29","project":"@@ref:projects|DUMMY-04@@","crew_count":13,"weather":"clear","had_delay":true,"phase":"excavation","delay_cause":"بانتظار اعتماد الاستشاري","zone":"@@ref:project-zones|DUMMY-04/zone_5@@","has_problem_today":false,"plan_completed_today":false}
daily-progress-report|DUMMY-04/2026-08-29/2	daily-progress-report	{"report_date":"2026-08-29","project":"@@ref:projects|DUMMY-04@@","crew_count":16,"weather":"clear","had_delay":false,"phase":"excavation","zone":"@@ref:project-zones|DUMMY-04/zone_6@@","has_problem_today":false,"plan_completed_today":true}
daily-progress-report|DUMMY-01/2026-08-30/1	daily-progress-report	{"report_date":"2026-08-30","project":"@@ref:projects|DUMMY-01@@","crew_count":22,"weather":"extreme_heat","had_delay":false,"phase":"structural","floor":"@@ref:project-floors|DUMMY-01/floor_2@@","has_problem_today":false,"plan_completed_today":false}
daily-progress-report|DUMMY-01/2026-08-30/2	daily-progress-report	{"report_date":"2026-08-30","project":"@@ref:projects|DUMMY-01@@","crew_count":8,"weather":"extreme_heat","had_delay":false,"phase":"mep","mep_trade":"plumbing","mep_room":"floor_1","has_problem_today":false,"plan_completed_today":true}
daily-progress-report|DUMMY-02/2026-08-30/1	daily-progress-report	{"report_date":"2026-08-30","project":"@@ref:projects|DUMMY-02@@","crew_count":26,"weather":"sandstorm","had_delay":true,"phase":"structural","delay_cause":"عاصفة رملية أوقفت العمل في الموقع","floor":"@@ref:project-floors|DUMMY-02/floor_1@@","has_problem_today":true,"problem_description":"إصابة عمل بسيطة وتم التعامل معها في الموقع.","plan_completed_today":false}
daily-progress-report|DUMMY-03/2026-08-30/1	daily-progress-report	{"report_date":"2026-08-30","project":"@@ref:projects|DUMMY-03@@","crew_count":17,"weather":"extreme_heat","had_delay":false,"phase":"excavation","zone":"@@ref:project-zones|DUMMY-03/zone_2@@","has_problem_today":false,"plan_completed_today":true}
daily-progress-report|DUMMY-03/2026-08-30/2	daily-progress-report	{"report_date":"2026-08-30","project":"@@ref:projects|DUMMY-03@@","crew_count":14,"weather":"extreme_heat","had_delay":true,"phase":"excavation","delay_cause":"حظر العمل تحت أشعة الشمس وقت الظهيرة","zone":"@@ref:project-zones|DUMMY-03/zone_3@@","has_problem_today":false,"plan_completed_today":true}
daily-progress-report|DUMMY-04/2026-08-30/1	daily-progress-report	{"report_date":"2026-08-30","project":"@@ref:projects|DUMMY-04@@","crew_count":13,"weather":"clear","had_delay":false,"phase":"excavation","zone":"@@ref:project-zones|DUMMY-04/zone_5@@","has_problem_today":false,"plan_completed_today":true}
daily-progress-report|DUMMY-04/2026-08-30/2	daily-progress-report	{"report_date":"2026-08-30","project":"@@ref:projects|DUMMY-04@@","crew_count":15,"weather":"clear","had_delay":false,"phase":"excavation","zone":"@@ref:project-zones|DUMMY-04/zone_7@@","has_problem_today":false,"plan_completed_today":true}
daily-progress-report|DUMMY-01/2026-08-31/1	daily-progress-report	{"report_date":"2026-08-31","project":"@@ref:projects|DUMMY-01@@","crew_count":15,"weather":"sandstorm","had_delay":true,"phase":"structural","delay_cause":"انعدام الرؤية بسبب الغبار","floor":"@@ref:project-floors|DUMMY-01/floor_2@@","has_problem_today":false,"plan_completed_today":false}
daily-progress-report|DUMMY-01/2026-08-31/2	daily-progress-report	{"report_date":"2026-08-31","project":"@@ref:projects|DUMMY-01@@","crew_count":6,"weather":"sandstorm","had_delay":true,"phase":"mep","delay_cause":"عاصفة رملية أوقفت العمل في الموقع","mep_trade":"plumbing","mep_room":"floor_1","has_problem_today":false,"plan_completed_today":false}
daily-progress-report|DUMMY-02/2026-08-31/1	daily-progress-report	{"report_date":"2026-08-31","project":"@@ref:projects|DUMMY-02@@","crew_count":32,"weather":"clear","had_delay":false,"phase":"structural","floor":"@@ref:project-floors|DUMMY-02/floor_1@@","has_problem_today":false,"plan_completed_today":true}
daily-progress-report|DUMMY-03/2026-08-31/1	daily-progress-report	{"report_date":"2026-08-31","project":"@@ref:projects|DUMMY-03@@","crew_count":12,"weather":"sandstorm","had_delay":true,"phase":"excavation","delay_cause":"عاصفة رملية أوقفت العمل في الموقع","zone":"@@ref:project-zones|DUMMY-03/zone_4@@","has_problem_today":false,"plan_completed_today":false}
daily-progress-report|DUMMY-03/2026-08-31/2	daily-progress-report	{"report_date":"2026-08-31","project":"@@ref:projects|DUMMY-03@@","crew_count":11,"weather":"sandstorm","had_delay":true,"phase":"excavation","delay_cause":"انعدام الرؤية بسبب الغبار","zone":"@@ref:project-zones|DUMMY-03/zone_5@@","has_problem_today":false,"plan_completed_today":false}
daily-progress-report|DUMMY-04/2026-08-31/1	daily-progress-report	{"report_date":"2026-08-31","project":"@@ref:projects|DUMMY-04@@","crew_count":13,"weather":"clear","had_delay":false,"phase":"excavation","zone":"@@ref:project-zones|DUMMY-04/zone_5@@","has_problem_today":false,"plan_completed_today":true}
daily-progress-report|DUMMY-04/2026-08-31/2	daily-progress-report	{"report_date":"2026-08-31","project":"@@ref:projects|DUMMY-04@@","crew_count":16,"weather":"clear","had_delay":false,"phase":"excavation","zone":"@@ref:project-zones|DUMMY-04/zone_7@@","has_problem_today":false,"plan_completed_today":true}
daily-progress-report|DUMMY-01/2026-09-01/1	daily-progress-report	{"report_date":"2026-09-01","project":"@@ref:projects|DUMMY-01@@","crew_count":23,"weather":"clear","had_delay":false,"phase":"structural","floor":"@@ref:project-floors|DUMMY-01/floor_2@@","has_problem_today":false,"plan_completed_today":true}
daily-progress-report|DUMMY-01/2026-09-01/2	daily-progress-report	{"report_date":"2026-09-01","project":"@@ref:projects|DUMMY-01@@","crew_count":7,"weather":"clear","had_delay":false,"phase":"mep","mep_trade":"plumbing","mep_room":"floor_1","has_problem_today":false,"plan_completed_today":true}
daily-progress-report|DUMMY-02/2026-09-01/1	daily-progress-report	{"report_date":"2026-09-01","project":"@@ref:projects|DUMMY-02@@","crew_count":34,"weather":"clear","had_delay":false,"phase":"structural","floor":"@@ref:project-floors|DUMMY-02/floor_1@@","has_problem_today":false,"plan_completed_today":true}
daily-progress-report|DUMMY-03/2026-09-01/1	daily-progress-report	{"report_date":"2026-09-01","project":"@@ref:projects|DUMMY-03@@","crew_count":14,"weather":"clear","had_delay":false,"phase":"excavation","zone":"@@ref:project-zones|DUMMY-03/zone_4@@","has_problem_today":false,"plan_completed_today":true}
daily-progress-report|DUMMY-03/2026-09-01/2	daily-progress-report	{"report_date":"2026-09-01","project":"@@ref:projects|DUMMY-03@@","crew_count":17,"weather":"clear","had_delay":false,"phase":"excavation","zone":"@@ref:project-zones|DUMMY-03/zone_5@@","has_problem_today":false,"plan_completed_today":true}
daily-progress-report|DUMMY-04/2026-09-01/1	daily-progress-report	{"report_date":"2026-09-01","project":"@@ref:projects|DUMMY-04@@","crew_count":15,"weather":"clear","had_delay":false,"phase":"excavation","zone":"@@ref:project-zones|DUMMY-04/zone_8@@","has_problem_today":false,"plan_completed_today":true}
daily-progress-report|DUMMY-01/2026-09-02/1	daily-progress-report	{"report_date":"2026-09-02","project":"@@ref:projects|DUMMY-01@@","crew_count":22,"weather":"clear","had_delay":false,"phase":"structural","floor":"@@ref:project-floors|DUMMY-01/floor_2@@","has_problem_today":false,"plan_completed_today":true}
daily-progress-report|DUMMY-01/2026-09-02/2	daily-progress-report	{"report_date":"2026-09-02","project":"@@ref:projects|DUMMY-01@@","crew_count":9,"weather":"clear","had_delay":true,"phase":"mep","delay_cause":"تأخر وصول حديد التسليح","mep_trade":"plumbing","mep_room":"floor_1","has_problem_today":false,"plan_completed_today":true}
daily-progress-report|DUMMY-02/2026-09-02/1	daily-progress-report	{"report_date":"2026-09-02","project":"@@ref:projects|DUMMY-02@@","crew_count":29,"weather":"clear","had_delay":false,"phase":"structural","floor":"@@ref:project-floors|DUMMY-02/floor_1@@","has_problem_today":false,"plan_completed_today":true}
daily-progress-report|DUMMY-03/2026-09-02/1	daily-progress-report	{"report_date":"2026-09-02","project":"@@ref:projects|DUMMY-03@@","crew_count":18,"weather":"clear","had_delay":false,"phase":"excavation","zone":"@@ref:project-zones|DUMMY-03/zone_4@@","has_problem_today":true,"problem_description":"انهيار جزئي في جوانب الحفر ويحتاج إلى تدعيم.","plan_completed_today":false}
daily-progress-report|DUMMY-03/2026-09-02/2	daily-progress-report	{"report_date":"2026-09-02","project":"@@ref:projects|DUMMY-03@@","crew_count":15,"weather":"clear","had_delay":true,"phase":"excavation","delay_cause":"عطل في الحفار","zone":"@@ref:project-zones|DUMMY-03/zone_5@@","has_problem_today":false,"plan_completed_today":false}
daily-progress-report|DUMMY-04/2026-09-02/1	daily-progress-report	{"report_date":"2026-09-02","project":"@@ref:projects|DUMMY-04@@","crew_count":15,"weather":"clear","had_delay":false,"phase":"excavation","zone":"@@ref:project-zones|DUMMY-04/zone_8@@","has_problem_today":false,"plan_completed_today":true}
daily-progress-report|DUMMY-01/2026-09-03/1	daily-progress-report	{"report_date":"2026-09-03","project":"@@ref:projects|DUMMY-01@@","crew_count":19,"weather":"clear","had_delay":false,"phase":"structural","floor":"@@ref:project-floors|DUMMY-01/floor_2@@","has_problem_today":true,"problem_description":"انحراف في منسوب الشدة ويحتاج إلى إعادة ضبط.","plan_completed_today":true}
daily-progress-report|DUMMY-01/2026-09-03/2	daily-progress-report	{"report_date":"2026-09-03","project":"@@ref:projects|DUMMY-01@@","crew_count":9,"weather":"clear","had_delay":false,"phase":"mep","mep_trade":"hvac","mep_room":"floor_1","has_problem_today":false,"plan_completed_today":true}
daily-progress-report|DUMMY-02/2026-09-03/1	daily-progress-report	{"report_date":"2026-09-03","project":"@@ref:projects|DUMMY-02@@","crew_count":30,"weather":"clear","had_delay":true,"phase":"structural","delay_cause":"تعارض مع خطوط خدمات قائمة","floor":"@@ref:project-floors|DUMMY-02/floor_1@@","has_problem_today":false,"plan_completed_today":false}
daily-progress-report|DUMMY-03/2026-09-03/1	daily-progress-report	{"report_date":"2026-09-03","project":"@@ref:projects|DUMMY-03@@","crew_count":16,"weather":"clear","had_delay":true,"phase":"excavation","delay_cause":"تعارض مع خطوط خدمات قائمة","zone":"@@ref:project-zones|DUMMY-03/zone_4@@","has_problem_today":false,"plan_completed_today":false}
daily-progress-report|DUMMY-03/2026-09-03/2	daily-progress-report	{"report_date":"2026-09-03","project":"@@ref:projects|DUMMY-03@@","crew_count":14,"weather":"clear","had_delay":false,"phase":"excavation","zone":"@@ref:project-zones|DUMMY-03/zone_5@@","has_problem_today":false,"plan_completed_today":true}
daily-progress-report|DUMMY-04/2026-09-03/1	daily-progress-report	{"report_date":"2026-09-03","project":"@@ref:projects|DUMMY-04@@","crew_count":21,"weather":"clear","had_delay":false,"phase":"foundation","footing":"@@ref:project-footings|DUMMY-04/footing_1@@","has_problem_today":false,"plan_completed_today":true}
daily-progress-report|DUMMY-04/2026-09-03/2	daily-progress-report	{"report_date":"2026-09-03","project":"@@ref:projects|DUMMY-04@@","crew_count":25,"weather":"clear","had_delay":false,"phase":"foundation","footing":"@@ref:project-footings|DUMMY-04/footing_2@@","has_problem_today":false,"plan_completed_today":true}
daily-progress-report|DUMMY-01/2026-09-05/1	daily-progress-report	{"report_date":"2026-09-05","project":"@@ref:projects|DUMMY-01@@","crew_count":23,"weather":"clear","had_delay":false,"phase":"structural","floor":"@@ref:project-floors|DUMMY-01/floor_2@@","has_problem_today":false,"plan_completed_today":true}
daily-progress-report|DUMMY-01/2026-09-05/2	daily-progress-report	{"report_date":"2026-09-05","project":"@@ref:projects|DUMMY-01@@","crew_count":8,"weather":"clear","had_delay":false,"phase":"mep","mep_trade":"hvac","mep_room":"floor_1","has_problem_today":false,"plan_completed_today":true}
daily-progress-report|DUMMY-02/2026-09-05/1	daily-progress-report	{"report_date":"2026-09-05","project":"@@ref:projects|DUMMY-02@@","crew_count":35,"weather":"clear","had_delay":false,"phase":"structural","floor":"@@ref:project-floors|DUMMY-02/floor_1@@","has_problem_today":false,"plan_completed_today":true}
daily-progress-report|DUMMY-03/2026-09-05/1	daily-progress-report	{"report_date":"2026-09-05","project":"@@ref:projects|DUMMY-03@@","crew_count":15,"weather":"clear","had_delay":true,"phase":"excavation","delay_cause":"نقص في العمالة","zone":"@@ref:project-zones|DUMMY-03/zone_4@@","has_problem_today":false,"plan_completed_today":false}
daily-progress-report|DUMMY-03/2026-09-05/2	daily-progress-report	{"report_date":"2026-09-05","project":"@@ref:projects|DUMMY-03@@","crew_count":16,"weather":"clear","had_delay":false,"phase":"excavation","zone":"@@ref:project-zones|DUMMY-03/zone_6@@","has_problem_today":false,"plan_completed_today":false}
daily-progress-report|DUMMY-04/2026-09-05/1	daily-progress-report	{"report_date":"2026-09-05","project":"@@ref:projects|DUMMY-04@@","crew_count":16,"weather":"extreme_heat","had_delay":true,"phase":"foundation","delay_cause":"توقف العمل بسبب الحرارة الشديدة","footing":"@@ref:project-footings|DUMMY-04/footing_1@@","has_problem_today":true,"problem_description":"تسرب في الشدات الخشبية أثناء الصب.","plan_completed_today":false}
daily-progress-report|DUMMY-04/2026-09-05/2	daily-progress-report	{"report_date":"2026-09-05","project":"@@ref:projects|DUMMY-04@@","crew_count":25,"weather":"extreme_heat","had_delay":false,"phase":"foundation","footing":"@@ref:project-footings|DUMMY-04/footing_2@@","has_problem_today":false,"plan_completed_today":true}
daily-progress-report|DUMMY-05/2026-09-05/1	daily-progress-report	{"report_date":"2026-09-05","project":"@@ref:projects|DUMMY-05@@","crew_count":3,"weather":"extreme_heat","had_delay":false,"phase":"paperwork","milestone":"design_approval","has_problem_today":false,"plan_completed_today":true}
daily-progress-report|DUMMY-01/2026-09-06/1	daily-progress-report	{"report_date":"2026-09-06","project":"@@ref:projects|DUMMY-01@@","crew_count":20,"weather":"clear","had_delay":false,"phase":"structural","floor":"@@ref:project-floors|DUMMY-01/floor_2@@","has_problem_today":false,"plan_completed_today":true}
daily-progress-report|DUMMY-01/2026-09-06/2	daily-progress-report	{"report_date":"2026-09-06","project":"@@ref:projects|DUMMY-01@@","crew_count":8,"weather":"clear","had_delay":false,"phase":"mep","mep_trade":"hvac","mep_room":"floor_1","has_problem_today":false,"plan_completed_today":true}
daily-progress-report|DUMMY-02/2026-09-06/1	daily-progress-report	{"report_date":"2026-09-06","project":"@@ref:projects|DUMMY-02@@","crew_count":35,"weather":"clear","had_delay":false,"phase":"structural","floor":"@@ref:project-floors|DUMMY-02/floor_1@@","has_problem_today":false,"plan_completed_today":true}
daily-progress-report|DUMMY-03/2026-09-06/1	daily-progress-report	{"report_date":"2026-09-06","project":"@@ref:projects|DUMMY-03@@","crew_count":15,"weather":"clear","had_delay":false,"phase":"excavation","zone":"@@ref:project-zones|DUMMY-03/zone_4@@","has_problem_today":false,"plan_completed_today":false}
daily-progress-report|DUMMY-03/2026-09-06/2	daily-progress-report	{"report_date":"2026-09-06","project":"@@ref:projects|DUMMY-03@@","crew_count":17,"weather":"clear","had_delay":false,"phase":"excavation","zone":"@@ref:project-zones|DUMMY-03/zone_6@@","has_problem_today":false,"plan_completed_today":true}
daily-progress-report|DUMMY-04/2026-09-06/1	daily-progress-report	{"report_date":"2026-09-06","project":"@@ref:projects|DUMMY-04@@","crew_count":19,"weather":"clear","had_delay":true,"phase":"foundation","delay_cause":"تعارض مع خطوط خدمات قائمة","footing":"@@ref:project-footings|DUMMY-04/footing_1@@","has_problem_today":true,"problem_description":"نتيجة اختبار الهبوط للخرسانة خارج الحدود المسموحة.","plan_completed_today":false}
daily-progress-report|DUMMY-04/2026-09-06/2	daily-progress-report	{"report_date":"2026-09-06","project":"@@ref:projects|DUMMY-04@@","crew_count":19,"weather":"clear","had_delay":false,"phase":"foundation","footing":"@@ref:project-footings|DUMMY-04/footing_3@@","has_problem_today":false,"plan_completed_today":false}
daily-progress-report|DUMMY-05/2026-09-06/1	daily-progress-report	{"report_date":"2026-09-06","project":"@@ref:projects|DUMMY-05@@","crew_count":3,"weather":"clear","had_delay":false,"phase":"paperwork","milestone":"design_approval","has_problem_today":false,"plan_completed_today":false}
daily-progress-report|DUMMY-01/2026-09-07/1	daily-progress-report	{"report_date":"2026-09-07","project":"@@ref:projects|DUMMY-01@@","crew_count":19,"weather":"clear","had_delay":false,"phase":"structural","floor":"@@ref:project-floors|DUMMY-01/floor_2@@","has_problem_today":false,"plan_completed_today":true}
daily-progress-report|DUMMY-02/2026-09-07/1	daily-progress-report	{"report_date":"2026-09-07","project":"@@ref:projects|DUMMY-02@@","crew_count":28,"weather":"clear","had_delay":false,"phase":"structural","floor":"@@ref:project-floors|DUMMY-02/floor_1@@","has_problem_today":false,"plan_completed_today":true}
daily-progress-report|DUMMY-03/2026-09-07/1	daily-progress-report	{"report_date":"2026-09-07","project":"@@ref:projects|DUMMY-03@@","crew_count":17,"weather":"clear","had_delay":false,"phase":"excavation","zone":"@@ref:project-zones|DUMMY-03/zone_4@@","has_problem_today":false,"plan_completed_today":true}
daily-progress-report|DUMMY-03/2026-09-07/2	daily-progress-report	{"report_date":"2026-09-07","project":"@@ref:projects|DUMMY-03@@","crew_count":14,"weather":"clear","had_delay":false,"phase":"excavation","zone":"@@ref:project-zones|DUMMY-03/zone_6@@","has_problem_today":false,"plan_completed_today":true}
daily-progress-report|DUMMY-04/2026-09-07/1	daily-progress-report	{"report_date":"2026-09-07","project":"@@ref:projects|DUMMY-04@@","crew_count":20,"weather":"clear","had_delay":false,"phase":"foundation","footing":"@@ref:project-footings|DUMMY-04/footing_1@@","has_problem_today":true,"problem_description":"تسرب في الشدات الخشبية أثناء الصب.","plan_completed_today":true}
daily-progress-report|DUMMY-04/2026-09-07/2	daily-progress-report	{"report_date":"2026-09-07","project":"@@ref:projects|DUMMY-04@@","crew_count":23,"weather":"clear","had_delay":false,"phase":"foundation","footing":"@@ref:project-footings|DUMMY-04/footing_3@@","has_problem_today":false,"plan_completed_today":false}
daily-progress-report|DUMMY-05/2026-09-07/1	daily-progress-report	{"report_date":"2026-09-07","project":"@@ref:projects|DUMMY-05@@","crew_count":3,"weather":"clear","had_delay":false,"phase":"paperwork","milestone":"design_approval","has_problem_today":false,"plan_completed_today":true}
daily-progress-report|DUMMY-01/2026-09-08/1	daily-progress-report	{"report_date":"2026-09-08","project":"@@ref:projects|DUMMY-01@@","crew_count":9,"weather":"clear","had_delay":false,"phase":"mep","mep_trade":"electrical","mep_room":"floor_2","has_problem_today":false,"plan_completed_today":true}
daily-progress-report|DUMMY-02/2026-09-08/1	daily-progress-report	{"report_date":"2026-09-08","project":"@@ref:projects|DUMMY-02@@","crew_count":31,"weather":"clear","had_delay":true,"phase":"structural","delay_cause":"تأخر وصول حديد التسليح","floor":"@@ref:project-floors|DUMMY-02/floor_1@@","has_problem_today":false,"plan_completed_today":false}
daily-progress-report|DUMMY-03/2026-09-08/1	daily-progress-report	{"report_date":"2026-09-08","project":"@@ref:projects|DUMMY-03@@","crew_count":27,"weather":"clear","had_delay":true,"phase":"foundation","delay_cause":"نقص في العمالة","footing":"@@ref:project-footings|DUMMY-03/footing_1@@","has_problem_today":false,"plan_completed_today":false}
daily-progress-report|DUMMY-03/2026-09-08/2	daily-progress-report	{"report_date":"2026-09-08","project":"@@ref:projects|DUMMY-03@@","crew_count":27,"weather":"clear","had_delay":false,"phase":"foundation","footing":"@@ref:project-footings|DUMMY-03/footing_2@@","has_problem_today":false,"plan_completed_today":false}
daily-progress-report|DUMMY-04/2026-09-08/1	daily-progress-report	{"report_date":"2026-09-08","project":"@@ref:projects|DUMMY-04@@","crew_count":26,"weather":"clear","had_delay":false,"phase":"foundation","footing":"@@ref:project-footings|DUMMY-04/footing_3@@","has_problem_today":false,"plan_completed_today":true}
daily-progress-report|DUMMY-04/2026-09-08/2	daily-progress-report	{"report_date":"2026-09-08","project":"@@ref:projects|DUMMY-04@@","crew_count":21,"weather":"clear","had_delay":false,"phase":"foundation","footing":"@@ref:project-footings|DUMMY-04/footing_4@@","has_problem_today":true,"problem_description":"نتيجة اختبار الهبوط للخرسانة خارج الحدود المسموحة.","plan_completed_today":false}
daily-progress-report|DUMMY-05/2026-09-08/1	daily-progress-report	{"report_date":"2026-09-08","project":"@@ref:projects|DUMMY-05@@","crew_count":3,"weather":"extreme_heat","had_delay":false,"phase":"paperwork","milestone":"design_approval","has_problem_today":false,"plan_completed_today":false}
daily-progress-report|DUMMY-01/2026-09-09/1	daily-progress-report	{"report_date":"2026-09-09","project":"@@ref:projects|DUMMY-01@@","crew_count":9,"weather":"clear","had_delay":false,"phase":"mep","mep_trade":"electrical","mep_room":"floor_2","has_problem_today":false,"plan_completed_today":true}
daily-progress-report|DUMMY-02/2026-09-09/1	daily-progress-report	{"report_date":"2026-09-09","project":"@@ref:projects|DUMMY-02@@","crew_count":28,"weather":"clear","had_delay":false,"phase":"structural","floor":"@@ref:project-floors|DUMMY-02/floor_1@@","has_problem_today":false,"plan_completed_today":true}
daily-progress-report|DUMMY-03/2026-09-09/1	daily-progress-report	{"report_date":"2026-09-09","project":"@@ref:projects|DUMMY-03@@","crew_count":28,"weather":"clear","had_delay":false,"phase":"foundation","footing":"@@ref:project-footings|DUMMY-03/footing_1@@","has_problem_today":false,"plan_completed_today":false}
daily-progress-report|DUMMY-03/2026-09-09/2	daily-progress-report	{"report_date":"2026-09-09","project":"@@ref:projects|DUMMY-03@@","crew_count":26,"weather":"clear","had_delay":false,"phase":"foundation","footing":"@@ref:project-footings|DUMMY-03/footing_2@@","has_problem_today":false,"plan_completed_today":true}
daily-progress-report|DUMMY-04/2026-09-09/1	daily-progress-report	{"report_date":"2026-09-09","project":"@@ref:projects|DUMMY-04@@","crew_count":24,"weather":"clear","had_delay":false,"phase":"foundation","footing":"@@ref:project-footings|DUMMY-04/footing_3@@","has_problem_today":false,"plan_completed_today":true}
daily-progress-report|DUMMY-04/2026-09-09/2	daily-progress-report	{"report_date":"2026-09-09","project":"@@ref:projects|DUMMY-04@@","crew_count":20,"weather":"clear","had_delay":false,"phase":"foundation","footing":"@@ref:project-footings|DUMMY-04/footing_4@@","has_problem_today":false,"plan_completed_today":true}
daily-progress-report|DUMMY-05/2026-09-09/1	daily-progress-report	{"report_date":"2026-09-09","project":"@@ref:projects|DUMMY-05@@","crew_count":3,"weather":"clear","had_delay":false,"phase":"paperwork","milestone":"design_approval","has_problem_today":false,"plan_completed_today":true}
daily-progress-report|DUMMY-01/2026-09-10/1	daily-progress-report	{"report_date":"2026-09-10","project":"@@ref:projects|DUMMY-01@@","crew_count":8,"weather":"extreme_heat","had_delay":false,"phase":"mep","mep_trade":"electrical","mep_room":"floor_2","has_problem_today":false,"plan_completed_today":true}
daily-progress-report|DUMMY-02/2026-09-10/1	daily-progress-report	{"report_date":"2026-09-10","project":"@@ref:projects|DUMMY-02@@","crew_count":31,"weather":"clear","had_delay":false,"phase":"structural","floor":"@@ref:project-floors|DUMMY-02/floor_2@@","has_problem_today":false,"plan_completed_today":true}
daily-progress-report|DUMMY-02/2026-09-10/2	daily-progress-report	{"report_date":"2026-09-10","project":"@@ref:projects|DUMMY-02@@","crew_count":12,"weather":"clear","had_delay":false,"phase":"mep","mep_trade":"electrical","mep_room":"floor_1","has_problem_today":false,"plan_completed_today":true}
daily-progress-report|DUMMY-03/2026-09-10/1	daily-progress-report	{"report_date":"2026-09-10","project":"@@ref:projects|DUMMY-03@@","crew_count":21,"weather":"extreme_heat","had_delay":true,"phase":"foundation","delay_cause":"توقف العمل بسبب الحرارة الشديدة","footing":"@@ref:project-footings|DUMMY-03/footing_1@@","has_problem_today":false,"plan_completed_today":false}
daily-progress-report|DUMMY-03/2026-09-10/2	daily-progress-report	{"report_date":"2026-09-10","project":"@@ref:projects|DUMMY-03@@","crew_count":18,"weather":"extreme_heat","had_delay":true,"phase":"foundation","delay_cause":"توقف العمل بسبب الحرارة الشديدة","footing":"@@ref:project-footings|DUMMY-03/footing_2@@","has_problem_today":false,"plan_completed_today":true}
daily-progress-report|DUMMY-04/2026-09-10/1	daily-progress-report	{"report_date":"2026-09-10","project":"@@ref:projects|DUMMY-04@@","crew_count":25,"weather":"clear","had_delay":true,"phase":"foundation","delay_cause":"تأخر فحص المختبر","footing":"@@ref:project-footings|DUMMY-04/footing_4@@","has_problem_today":false,"plan_completed_today":false}
daily-progress-report|DUMMY-04/2026-09-10/2	daily-progress-report	{"report_date":"2026-09-10","project":"@@ref:projects|DUMMY-04@@","crew_count":21,"weather":"clear","had_delay":false,"phase":"foundation","footing":"@@ref:project-footings|DUMMY-04/footing_5@@","has_problem_today":false,"plan_completed_today":true}
daily-progress-report|DUMMY-05/2026-09-10/1	daily-progress-report	{"report_date":"2026-09-10","project":"@@ref:projects|DUMMY-05@@","crew_count":3,"weather":"clear","had_delay":false,"phase":"paperwork","milestone":"design_approval","has_problem_today":true,"problem_description":"نقص في المستندات المطلوبة لاستكمال الطلب.","plan_completed_today":true}
daily-progress-report|DUMMY-01/2026-09-12/1	daily-progress-report	{"report_date":"2026-09-12","project":"@@ref:projects|DUMMY-01@@","crew_count":8,"weather":"clear","had_delay":false,"phase":"mep","mep_trade":"plumbing","mep_room":"floor_2","has_problem_today":false,"plan_completed_today":true}
daily-progress-report|DUMMY-02/2026-09-12/1	daily-progress-report	{"report_date":"2026-09-12","project":"@@ref:projects|DUMMY-02@@","crew_count":29,"weather":"clear","had_delay":false,"phase":"structural","floor":"@@ref:project-floors|DUMMY-02/floor_2@@","has_problem_today":false,"plan_completed_today":false}
daily-progress-report|DUMMY-02/2026-09-12/2	daily-progress-report	{"report_date":"2026-09-12","project":"@@ref:projects|DUMMY-02@@","crew_count":10,"weather":"clear","had_delay":false,"phase":"mep","mep_trade":"electrical","mep_room":"floor_1","has_problem_today":false,"plan_completed_today":true}
daily-progress-report|DUMMY-03/2026-09-12/1	daily-progress-report	{"report_date":"2026-09-12","project":"@@ref:projects|DUMMY-03@@","crew_count":28,"weather":"clear","had_delay":true,"phase":"foundation","delay_cause":"تأخر فحص المختبر","footing":"@@ref:project-footings|DUMMY-03/footing_1@@","has_problem_today":true,"problem_description":"ملاحظات من الاستشاري على تسليح القاعدة قبل الصب.","plan_completed_today":false}
daily-progress-report|DUMMY-03/2026-09-12/2	daily-progress-report	{"report_date":"2026-09-12","project":"@@ref:projects|DUMMY-03@@","crew_count":26,"weather":"clear","had_delay":false,"phase":"foundation","footing":"@@ref:project-footings|DUMMY-03/footing_3@@","has_problem_today":true,"problem_description":"ملاحظات من الاستشاري على تسليح القاعدة قبل الصب.","plan_completed_today":false}
daily-progress-report|DUMMY-04/2026-09-12/1	daily-progress-report	{"report_date":"2026-09-12","project":"@@ref:projects|DUMMY-04@@","crew_count":19,"weather":"clear","had_delay":false,"phase":"foundation","footing":"@@ref:project-footings|DUMMY-04/footing_4@@","has_problem_today":false,"plan_completed_today":true}
daily-progress-report|DUMMY-04/2026-09-12/2	daily-progress-report	{"report_date":"2026-09-12","project":"@@ref:projects|DUMMY-04@@","crew_count":22,"weather":"clear","had_delay":false,"phase":"foundation","footing":"@@ref:project-footings|DUMMY-04/footing_5@@","has_problem_today":false,"plan_completed_today":false}
daily-progress-report|DUMMY-05/2026-09-12/1	daily-progress-report	{"report_date":"2026-09-12","project":"@@ref:projects|DUMMY-05@@","crew_count":3,"weather":"extreme_heat","had_delay":false,"phase":"paperwork","milestone":"permit_application","has_problem_today":false,"plan_completed_today":true}
daily-progress-report|DUMMY-01/2026-09-13/1	daily-progress-report	{"report_date":"2026-09-13","project":"@@ref:projects|DUMMY-01@@","crew_count":8,"weather":"clear","had_delay":false,"phase":"mep","mep_trade":"plumbing","mep_room":"floor_2","has_problem_today":false,"plan_completed_today":true}
daily-progress-report|DUMMY-02/2026-09-13/1	daily-progress-report	{"report_date":"2026-09-13","project":"@@ref:projects|DUMMY-02@@","crew_count":27,"weather":"rain","had_delay":true,"phase":"structural","delay_cause":"هطول أمطار وتجمع مياه في الموقع","floor":"@@ref:project-floors|DUMMY-02/floor_2@@","has_problem_today":false,"plan_completed_today":false}
daily-progress-report|DUMMY-02/2026-09-13/2	daily-progress-report	{"report_date":"2026-09-13","project":"@@ref:projects|DUMMY-02@@","crew_count":9,"weather":"rain","had_delay":true,"phase":"mep","delay_cause":"هطول أمطار وتجمع مياه في الموقع","mep_trade":"electrical","mep_room":"floor_1","has_problem_today":false,"plan_completed_today":true}
daily-progress-report|DUMMY-03/2026-09-13/1	daily-progress-report	{"report_date":"2026-09-13","project":"@@ref:projects|DUMMY-03@@","crew_count":22,"weather":"clear","had_delay":false,"phase":"foundation","footing":"@@ref:project-footings|DUMMY-03/footing_1@@","has_problem_today":false,"plan_completed_today":true}
daily-progress-report|DUMMY-03/2026-09-13/2	daily-progress-report	{"report_date":"2026-09-13","project":"@@ref:projects|DUMMY-03@@","crew_count":22,"weather":"clear","had_delay":false,"phase":"foundation","footing":"@@ref:project-footings|DUMMY-03/footing_3@@","has_problem_today":false,"plan_completed_today":true}
daily-progress-report|DUMMY-04/2026-09-13/1	daily-progress-report	{"report_date":"2026-09-13","project":"@@ref:projects|DUMMY-04@@","crew_count":19,"weather":"clear","had_delay":false,"phase":"foundation","footing":"@@ref:project-footings|DUMMY-04/footing_5@@","has_problem_today":false,"plan_completed_today":true}
daily-progress-report|DUMMY-04/2026-09-13/2	daily-progress-report	{"report_date":"2026-09-13","project":"@@ref:projects|DUMMY-04@@","crew_count":24,"weather":"clear","had_delay":false,"phase":"foundation","footing":"@@ref:project-footings|DUMMY-04/footing_6@@","has_problem_today":false,"plan_completed_today":false}
daily-progress-report|DUMMY-05/2026-09-13/1	daily-progress-report	{"report_date":"2026-09-13","project":"@@ref:projects|DUMMY-05@@","crew_count":3,"weather":"extreme_heat","had_delay":false,"phase":"paperwork","milestone":"permit_application","has_problem_today":false,"plan_completed_today":false}
daily-progress-report|DUMMY-01/2026-09-14/1	daily-progress-report	{"report_date":"2026-09-14","project":"@@ref:projects|DUMMY-01@@","crew_count":7,"weather":"extreme_heat","had_delay":false,"phase":"mep","mep_trade":"plumbing","mep_room":"floor_2","has_problem_today":false,"plan_completed_today":true}
daily-progress-report|DUMMY-02/2026-09-14/1	daily-progress-report	{"report_date":"2026-09-14","project":"@@ref:projects|DUMMY-02@@","crew_count":27,"weather":"clear","had_delay":false,"phase":"structural","floor":"@@ref:project-floors|DUMMY-02/floor_2@@","has_problem_today":false,"plan_completed_today":true}
daily-progress-report|DUMMY-02/2026-09-14/2	daily-progress-report	{"report_date":"2026-09-14","project":"@@ref:projects|DUMMY-02@@","crew_count":12,"weather":"clear","had_delay":false,"phase":"mep","mep_trade":"plumbing","mep_room":"floor_1","has_problem_today":false,"plan_completed_today":true}
daily-progress-report|DUMMY-03/2026-09-14/1	daily-progress-report	{"report_date":"2026-09-14","project":"@@ref:projects|DUMMY-03@@","crew_count":20,"weather":"extreme_heat","had_delay":true,"phase":"foundation","delay_cause":"حظر العمل تحت أشعة الشمس وقت الظهيرة","footing":"@@ref:project-footings|DUMMY-03/footing_1@@","has_problem_today":false,"plan_completed_today":false}
daily-progress-report|DUMMY-03/2026-09-14/2	daily-progress-report	{"report_date":"2026-09-14","project":"@@ref:projects|DUMMY-03@@","crew_count":17,"weather":"extreme_heat","had_delay":true,"phase":"foundation","delay_cause":"حظر العمل تحت أشعة الشمس وقت الظهيرة","footing":"@@ref:project-footings|DUMMY-03/footing_3@@","has_problem_today":false,"plan_completed_today":false}
daily-progress-report|DUMMY-04/2026-09-14/1	daily-progress-report	{"report_date":"2026-09-14","project":"@@ref:projects|DUMMY-04@@","crew_count":22,"weather":"clear","had_delay":false,"phase":"foundation","footing":"@@ref:project-footings|DUMMY-04/footing_6@@","has_problem_today":false,"plan_completed_today":true}
daily-progress-report|DUMMY-04/2026-09-14/2	daily-progress-report	{"report_date":"2026-09-14","project":"@@ref:projects|DUMMY-04@@","crew_count":21,"weather":"clear","had_delay":false,"phase":"foundation","footing":"@@ref:project-footings|DUMMY-04/footing_7@@","has_problem_today":false,"plan_completed_today":true}
daily-progress-report|DUMMY-05/2026-09-14/1	daily-progress-report	{"report_date":"2026-09-14","project":"@@ref:projects|DUMMY-05@@","crew_count":3,"weather":"clear","had_delay":true,"phase":"paperwork","delay_cause":"ملاحظات على المخططات من الجهة المختصة","milestone":"permit_application","has_problem_today":false,"plan_completed_today":true}
daily-progress-report|DUMMY-01/2026-09-15/1	daily-progress-report	{"report_date":"2026-09-15","project":"@@ref:projects|DUMMY-01@@","crew_count":8,"weather":"clear","had_delay":false,"phase":"mep","mep_trade":"hvac","mep_room":"floor_2","has_problem_today":false,"plan_completed_today":true}
daily-progress-report|DUMMY-02/2026-09-15/1	daily-progress-report	{"report_date":"2026-09-15","project":"@@ref:projects|DUMMY-02@@","crew_count":27,"weather":"extreme_heat","had_delay":false,"phase":"structural","floor":"@@ref:project-floors|DUMMY-02/floor_2@@","has_problem_today":false,"plan_completed_today":false}
daily-progress-report|DUMMY-02/2026-09-15/2	daily-progress-report	{"report_date":"2026-09-15","project":"@@ref:projects|DUMMY-02@@","crew_count":8,"weather":"extreme_heat","had_delay":true,"phase":"mep","delay_cause":"حظر العمل تحت أشعة الشمس وقت الظهيرة","mep_trade":"plumbing","mep_room":"floor_1","has_problem_today":false,"plan_completed_today":false}
daily-progress-report|DUMMY-03/2026-09-15/1	daily-progress-report	{"report_date":"2026-09-15","project":"@@ref:projects|DUMMY-03@@","crew_count":28,"weather":"clear","had_delay":false,"phase":"foundation","footing":"@@ref:project-footings|DUMMY-03/footing_1@@","has_problem_today":false,"plan_completed_today":true}
daily-progress-report|DUMMY-03/2026-09-15/2	daily-progress-report	{"report_date":"2026-09-15","project":"@@ref:projects|DUMMY-03@@","crew_count":26,"weather":"clear","had_delay":false,"phase":"foundation","footing":"@@ref:project-footings|DUMMY-03/footing_3@@","has_problem_today":true,"problem_description":"ملاحظات من الاستشاري على تسليح القاعدة قبل الصب.","plan_completed_today":false}
daily-progress-report|DUMMY-04/2026-09-15/1	daily-progress-report	{"report_date":"2026-09-15","project":"@@ref:projects|DUMMY-04@@","crew_count":19,"weather":"clear","had_delay":false,"phase":"foundation","footing":"@@ref:project-footings|DUMMY-04/footing_6@@","has_problem_today":false,"plan_completed_today":true}
daily-progress-report|DUMMY-04/2026-09-15/2	daily-progress-report	{"report_date":"2026-09-15","project":"@@ref:projects|DUMMY-04@@","crew_count":25,"weather":"clear","had_delay":false,"phase":"foundation","footing":"@@ref:project-footings|DUMMY-04/footing_7@@","has_problem_today":false,"plan_completed_today":true}
daily-progress-report|DUMMY-05/2026-09-15/1	daily-progress-report	{"report_date":"2026-09-15","project":"@@ref:projects|DUMMY-05@@","crew_count":3,"weather":"clear","had_delay":false,"phase":"paperwork","milestone":"permit_application","has_problem_today":false,"plan_completed_today":true}
daily-progress-report|DUMMY-01/2026-09-16/1	daily-progress-report	{"report_date":"2026-09-16","project":"@@ref:projects|DUMMY-01@@","crew_count":9,"weather":"clear","had_delay":false,"phase":"mep","mep_trade":"hvac","mep_room":"floor_2","has_problem_today":true,"problem_description":"مواد موردة غير مطابقة للمواصفات المعتمدة.","plan_completed_today":true}
daily-progress-report|DUMMY-02/2026-09-16/1	daily-progress-report	{"report_date":"2026-09-16","project":"@@ref:projects|DUMMY-02@@","crew_count":35,"weather":"clear","had_delay":false,"phase":"structural","floor":"@@ref:project-floors|DUMMY-02/floor_2@@","has_problem_today":false,"plan_completed_today":false}
daily-progress-report|DUMMY-02/2026-09-16/2	daily-progress-report	{"report_date":"2026-09-16","project":"@@ref:projects|DUMMY-02@@","crew_count":12,"weather":"clear","had_delay":false,"phase":"mep","mep_trade":"plumbing","mep_room":"floor_1","has_problem_today":false,"plan_completed_today":true}
daily-progress-report|DUMMY-03/2026-09-16/1	daily-progress-report	{"report_date":"2026-09-16","project":"@@ref:projects|DUMMY-03@@","crew_count":23,"weather":"clear","had_delay":true,"phase":"foundation","delay_cause":"عطل في مضخة الخرسانة","footing":"@@ref:project-footings|DUMMY-03/footing_3@@","has_problem_today":false,"plan_completed_today":false}
daily-progress-report|DUMMY-03/2026-09-16/2	daily-progress-report	{"report_date":"2026-09-16","project":"@@ref:projects|DUMMY-03@@","crew_count":23,"weather":"clear","had_delay":true,"phase":"foundation","delay_cause":"انقطاع التيار الكهربائي في الموقع","footing":"@@ref:project-footings|DUMMY-03/footing_4@@","has_problem_today":false,"plan_completed_today":false}
daily-progress-report|DUMMY-05/2026-09-16/1	daily-progress-report	{"report_date":"2026-09-16","project":"@@ref:projects|DUMMY-05@@","crew_count":3,"weather":"clear","had_delay":true,"phase":"paperwork","delay_cause":"نواقص في مستندات الطلب","milestone":"utility_approvals","has_problem_today":false,"plan_completed_today":false}
daily-progress-report|DUMMY-01/2026-09-17/1	daily-progress-report	{"report_date":"2026-09-17","project":"@@ref:projects|DUMMY-01@@","crew_count":7,"weather":"clear","had_delay":false,"phase":"mep","mep_trade":"hvac","mep_room":"floor_2","has_problem_today":false,"plan_completed_today":false}
daily-progress-report|DUMMY-02/2026-09-17/1	daily-progress-report	{"report_date":"2026-09-17","project":"@@ref:projects|DUMMY-02@@","crew_count":28,"weather":"extreme_heat","had_delay":false,"phase":"structural","floor":"@@ref:project-floors|DUMMY-02/floor_2@@","has_problem_today":false,"plan_completed_today":true}
daily-progress-report|DUMMY-02/2026-09-17/2	daily-progress-report	{"report_date":"2026-09-17","project":"@@ref:projects|DUMMY-02@@","crew_count":8,"weather":"extreme_heat","had_delay":true,"phase":"mep","delay_cause":"حظر العمل تحت أشعة الشمس وقت الظهيرة","mep_trade":"plumbing","mep_room":"floor_1","has_problem_today":false,"plan_completed_today":true}
daily-progress-report|DUMMY-03/2026-09-17/1	daily-progress-report	{"report_date":"2026-09-17","project":"@@ref:projects|DUMMY-03@@","crew_count":28,"weather":"clear","had_delay":false,"phase":"foundation","footing":"@@ref:project-footings|DUMMY-03/footing_3@@","has_problem_today":false,"plan_completed_today":false}
daily-progress-report|DUMMY-03/2026-09-17/2	daily-progress-report	{"report_date":"2026-09-17","project":"@@ref:projects|DUMMY-03@@","crew_count":24,"weather":"clear","had_delay":false,"phase":"foundation","footing":"@@ref:project-footings|DUMMY-03/footing_4@@","has_problem_today":true,"problem_description":"تسرب في الشدات الخشبية أثناء الصب.","plan_completed_today":true}
daily-progress-report|DUMMY-05/2026-09-17/1	daily-progress-report	{"report_date":"2026-09-17","project":"@@ref:projects|DUMMY-05@@","crew_count":3,"weather":"clear","had_delay":false,"phase":"paperwork","milestone":"utility_approvals","has_problem_today":false,"plan_completed_today":true}
daily-progress-report|DUMMY-01/2026-09-19/1	daily-progress-report	{"report_date":"2026-09-19","project":"@@ref:projects|DUMMY-01@@","crew_count":8,"weather":"clear","had_delay":false,"phase":"mep","mep_trade":"hvac","mep_room":"floor_2","has_problem_today":false,"plan_completed_today":true}
daily-progress-report|DUMMY-02/2026-09-19/1	daily-progress-report	{"report_date":"2026-09-19","project":"@@ref:projects|DUMMY-02@@","crew_count":27,"weather":"clear","had_delay":false,"phase":"structural","floor":"@@ref:project-floors|DUMMY-02/floor_2@@","has_problem_today":false,"plan_completed_today":true}
daily-progress-report|DUMMY-02/2026-09-19/2	daily-progress-report	{"report_date":"2026-09-19","project":"@@ref:projects|DUMMY-02@@","crew_count":12,"weather":"clear","had_delay":false,"phase":"mep","mep_trade":"hvac","mep_room":"floor_1","has_problem_today":false,"plan_completed_today":true}
daily-progress-report|DUMMY-03/2026-09-19/1	daily-progress-report	{"report_date":"2026-09-19","project":"@@ref:projects|DUMMY-03@@","crew_count":25,"weather":"clear","had_delay":false,"phase":"foundation","footing":"@@ref:project-footings|DUMMY-03/footing_3@@","has_problem_today":false,"plan_completed_today":true}
daily-progress-report|DUMMY-03/2026-09-19/2	daily-progress-report	{"report_date":"2026-09-19","project":"@@ref:projects|DUMMY-03@@","crew_count":28,"weather":"clear","had_delay":false,"phase":"foundation","footing":"@@ref:project-footings|DUMMY-03/footing_4@@","has_problem_today":false,"plan_completed_today":true}
daily-progress-report|DUMMY-05/2026-09-19/1	daily-progress-report	{"report_date":"2026-09-19","project":"@@ref:projects|DUMMY-05@@","crew_count":3,"weather":"clear","had_delay":false,"phase":"paperwork","milestone":"utility_approvals","has_problem_today":false,"plan_completed_today":true}
daily-progress-report|DUMMY-02/2026-09-20/1	daily-progress-report	{"report_date":"2026-09-20","project":"@@ref:projects|DUMMY-02@@","crew_count":28,"weather":"clear","had_delay":false,"phase":"structural","floor":"@@ref:project-floors|DUMMY-02/floor_2@@","has_problem_today":false,"plan_completed_today":true}
daily-progress-report|DUMMY-02/2026-09-20/2	daily-progress-report	{"report_date":"2026-09-20","project":"@@ref:projects|DUMMY-02@@","crew_count":11,"weather":"clear","had_delay":false,"phase":"mep","mep_trade":"hvac","mep_room":"floor_1","has_problem_today":true,"problem_description":"تعارض بين مسارات التكييف والكهرباء في السقف.","plan_completed_today":false}
daily-progress-report|DUMMY-03/2026-09-20/1	daily-progress-report	{"report_date":"2026-09-20","project":"@@ref:projects|DUMMY-03@@","crew_count":25,"weather":"clear","had_delay":true,"phase":"foundation","delay_cause":"تأخر وصول حديد التسليح","footing":"@@ref:project-footings|DUMMY-03/footing_5@@","has_problem_today":false,"plan_completed_today":false}
daily-progress-report|DUMMY-03/2026-09-20/2	daily-progress-report	{"report_date":"2026-09-20","project":"@@ref:projects|DUMMY-03@@","crew_count":24,"weather":"clear","had_delay":false,"phase":"foundation","footing":"@@ref:project-footings|DUMMY-03/footing_6@@","has_problem_today":false,"plan_completed_today":false}
daily-progress-report|DUMMY-05/2026-09-20/1	daily-progress-report	{"report_date":"2026-09-20","project":"@@ref:projects|DUMMY-05@@","crew_count":3,"weather":"clear","had_delay":false,"phase":"paperwork","milestone":"final_permit","has_problem_today":false,"plan_completed_today":true}
daily-progress-report|DUMMY-02/2026-09-21/1	daily-progress-report	{"report_date":"2026-09-21","project":"@@ref:projects|DUMMY-02@@","crew_count":27,"weather":"clear","had_delay":false,"phase":"structural","floor":"@@ref:project-floors|DUMMY-02/floor_2@@","has_problem_today":false,"plan_completed_today":true}
daily-progress-report|DUMMY-02/2026-09-21/2	daily-progress-report	{"report_date":"2026-09-21","project":"@@ref:projects|DUMMY-02@@","crew_count":10,"weather":"clear","had_delay":false,"phase":"mep","mep_trade":"hvac","mep_room":"floor_1","has_problem_today":false,"plan_completed_today":true}
daily-progress-report|DUMMY-03/2026-09-21/1	daily-progress-report	{"report_date":"2026-09-21","project":"@@ref:projects|DUMMY-03@@","crew_count":24,"weather":"extreme_heat","had_delay":false,"phase":"foundation","footing":"@@ref:project-footings|DUMMY-03/footing_5@@","has_problem_today":true,"problem_description":"ملاحظات من الاستشاري على تسليح القاعدة قبل الصب.","plan_completed_today":false}
daily-progress-report|DUMMY-03/2026-09-21/2	daily-progress-report	{"report_date":"2026-09-21","project":"@@ref:projects|DUMMY-03@@","crew_count":26,"weather":"extreme_heat","had_delay":false,"phase":"foundation","footing":"@@ref:project-footings|DUMMY-03/footing_6@@","has_problem_today":true,"problem_description":"تسرب في الشدات الخشبية أثناء الصب.","plan_completed_today":false}
daily-progress-report|DUMMY-05/2026-09-21/1	daily-progress-report	{"report_date":"2026-09-21","project":"@@ref:projects|DUMMY-05@@","crew_count":9,"weather":"clear","had_delay":false,"phase":"excavation","zone":"@@ref:project-zones|DUMMY-05/zone_1@@","has_problem_today":false,"plan_completed_today":true}
daily-progress-report|DUMMY-02/2026-09-22/1	daily-progress-report	{"report_date":"2026-09-22","project":"@@ref:projects|DUMMY-02@@","crew_count":28,"weather":"clear","had_delay":false,"phase":"structural","floor":"@@ref:project-floors|DUMMY-02/floor_2@@","has_problem_today":false,"plan_completed_today":false}
daily-progress-report|DUMMY-02/2026-09-22/2	daily-progress-report	{"report_date":"2026-09-22","project":"@@ref:projects|DUMMY-02@@","crew_count":12,"weather":"clear","had_delay":false,"phase":"mep","mep_trade":"hvac","mep_room":"floor_1","has_problem_today":false,"plan_completed_today":true}
daily-progress-report|DUMMY-03/2026-09-22/1	daily-progress-report	{"report_date":"2026-09-22","project":"@@ref:projects|DUMMY-03@@","crew_count":25,"weather":"clear","had_delay":false,"phase":"foundation","footing":"@@ref:project-footings|DUMMY-03/footing_5@@","has_problem_today":true,"problem_description":"نتيجة اختبار الهبوط للخرسانة خارج الحدود المسموحة.","plan_completed_today":false}
daily-progress-report|DUMMY-03/2026-09-22/2	daily-progress-report	{"report_date":"2026-09-22","project":"@@ref:projects|DUMMY-03@@","crew_count":22,"weather":"clear","had_delay":false,"phase":"foundation","footing":"@@ref:project-footings|DUMMY-03/footing_6@@","has_problem_today":false,"plan_completed_today":true}
daily-progress-report|DUMMY-05/2026-09-22/1	daily-progress-report	{"report_date":"2026-09-22","project":"@@ref:projects|DUMMY-05@@","crew_count":9,"weather":"clear","had_delay":false,"phase":"excavation","zone":"@@ref:project-zones|DUMMY-05/zone_1@@","has_problem_today":false,"plan_completed_today":false}
daily-progress-report|DUMMY-02/2026-09-23/1	daily-progress-report	{"report_date":"2026-09-23","project":"@@ref:projects|DUMMY-02@@","crew_count":27,"weather":"clear","had_delay":false,"phase":"structural","floor":"@@ref:project-floors|DUMMY-02/floor_2@@","has_problem_today":false,"plan_completed_today":true}
daily-progress-report|DUMMY-03/2026-09-23/1	daily-progress-report	{"report_date":"2026-09-23","project":"@@ref:projects|DUMMY-03@@","crew_count":29,"weather":"clear","had_delay":true,"phase":"foundation","delay_cause":"تعارض مع خطوط خدمات قائمة","footing":"@@ref:project-footings|DUMMY-03/footing_5@@","has_problem_today":false,"plan_completed_today":false}
daily-progress-report|DUMMY-03/2026-09-23/2	daily-progress-report	{"report_date":"2026-09-23","project":"@@ref:projects|DUMMY-03@@","crew_count":25,"weather":"clear","had_delay":true,"phase":"foundation","delay_cause":"عطل في الحفار","footing":"@@ref:project-footings|DUMMY-03/footing_6@@","has_problem_today":false,"plan_completed_today":false}
daily-progress-report|DUMMY-05/2026-09-23/1	daily-progress-report	{"report_date":"2026-09-23","project":"@@ref:projects|DUMMY-05@@","crew_count":10,"weather":"extreme_heat","had_delay":false,"phase":"excavation","zone":"@@ref:project-zones|DUMMY-05/zone_1@@","has_problem_today":false,"plan_completed_today":true}
daily-progress-report|DUMMY-02/2026-09-24/1	daily-progress-report	{"report_date":"2026-09-24","project":"@@ref:projects|DUMMY-02@@","crew_count":32,"weather":"clear","had_delay":false,"phase":"structural","floor":"@@ref:project-floors|DUMMY-02/floor_2@@","has_problem_today":false,"plan_completed_today":true}
daily-progress-report|DUMMY-03/2026-09-24/1	daily-progress-report	{"report_date":"2026-09-24","project":"@@ref:projects|DUMMY-03@@","crew_count":27,"weather":"clear","had_delay":false,"phase":"foundation","footing":"@@ref:project-footings|DUMMY-03/footing_5@@","has_problem_today":false,"plan_completed_today":true}
daily-progress-report|DUMMY-03/2026-09-24/2	daily-progress-report	{"report_date":"2026-09-24","project":"@@ref:projects|DUMMY-03@@","crew_count":26,"weather":"clear","had_delay":false,"phase":"foundation","footing":"@@ref:project-footings|DUMMY-03/footing_6@@","has_problem_today":false,"plan_completed_today":false}
daily-progress-report|DUMMY-05/2026-09-24/1	daily-progress-report	{"report_date":"2026-09-24","project":"@@ref:projects|DUMMY-05@@","crew_count":11,"weather":"clear","had_delay":true,"phase":"excavation","delay_cause":"تعارض مع خطوط خدمات قائمة","zone":"@@ref:project-zones|DUMMY-05/zone_2@@","has_problem_today":false,"plan_completed_today":true}
daily-progress-report|DUMMY-02/2026-09-26/1	daily-progress-report	{"report_date":"2026-09-26","project":"@@ref:projects|DUMMY-02@@","crew_count":29,"weather":"clear","had_delay":false,"phase":"structural","floor":"@@ref:project-floors|DUMMY-02/floor_2@@","has_problem_today":true,"problem_description":"انحراف في منسوب الشدة ويحتاج إلى إعادة ضبط.","plan_completed_today":true}
daily-progress-report|DUMMY-03/2026-09-26/1	daily-progress-report	{"report_date":"2026-09-26","project":"@@ref:projects|DUMMY-03@@","crew_count":28,"weather":"clear","had_delay":false,"phase":"foundation","footing":"@@ref:project-footings|DUMMY-03/footing_5@@","has_problem_today":false,"plan_completed_today":true}
daily-progress-report|DUMMY-03/2026-09-26/2	daily-progress-report	{"report_date":"2026-09-26","project":"@@ref:projects|DUMMY-03@@","crew_count":26,"weather":"clear","had_delay":true,"phase":"foundation","delay_cause":"نقص في العمالة","footing":"@@ref:project-footings|DUMMY-03/footing_6@@","has_problem_today":false,"plan_completed_today":true}
daily-progress-report|DUMMY-05/2026-09-26/1	daily-progress-report	{"report_date":"2026-09-26","project":"@@ref:projects|DUMMY-05@@","crew_count":11,"weather":"clear","had_delay":false,"phase":"excavation","zone":"@@ref:project-zones|DUMMY-05/zone_2@@","has_problem_today":true,"problem_description":"ظهور مياه جوفية في قاع الحفر وتحتاج إلى نزح.","plan_completed_today":true}
daily-progress-report|DUMMY-02/2026-09-27/1	daily-progress-report	{"report_date":"2026-09-27","project":"@@ref:projects|DUMMY-02@@","crew_count":33,"weather":"clear","had_delay":false,"phase":"structural","floor":"@@ref:project-floors|DUMMY-02/floor_3@@","has_problem_today":false,"plan_completed_today":true}
daily-progress-report|DUMMY-02/2026-09-27/2	daily-progress-report	{"report_date":"2026-09-27","project":"@@ref:projects|DUMMY-02@@","crew_count":12,"weather":"clear","had_delay":false,"phase":"mep","mep_trade":"electrical","mep_room":"floor_2","has_problem_today":false,"plan_completed_today":true}
daily-progress-report|DUMMY-03/2026-09-27/1	daily-progress-report	{"report_date":"2026-09-27","project":"@@ref:projects|DUMMY-03@@","crew_count":20,"weather":"extreme_heat","had_delay":true,"phase":"foundation","delay_cause":"حظر العمل تحت أشعة الشمس وقت الظهيرة","footing":"@@ref:project-footings|DUMMY-03/footing_7@@","has_problem_today":false,"plan_completed_today":false}
daily-progress-report|DUMMY-03/2026-09-27/2	daily-progress-report	{"report_date":"2026-09-27","project":"@@ref:projects|DUMMY-03@@","crew_count":25,"weather":"extreme_heat","had_delay":true,"phase":"foundation","delay_cause":"تأخر وصول حديد التسليح","footing":"@@ref:project-footings|DUMMY-03/footing_8@@","has_problem_today":false,"plan_completed_today":false}
daily-progress-report|DUMMY-05/2026-09-27/1	daily-progress-report	{"report_date":"2026-09-27","project":"@@ref:projects|DUMMY-05@@","crew_count":12,"weather":"clear","had_delay":false,"phase":"excavation","zone":"@@ref:project-zones|DUMMY-05/zone_3@@","has_problem_today":false,"plan_completed_today":false}
daily-progress-report|DUMMY-02/2026-09-28/1	daily-progress-report	{"report_date":"2026-09-28","project":"@@ref:projects|DUMMY-02@@","crew_count":31,"weather":"clear","had_delay":true,"phase":"structural","delay_cause":"تأخر وصول حديد التسليح","floor":"@@ref:project-floors|DUMMY-02/floor_3@@","has_problem_today":true,"problem_description":"إصابة عمل بسيطة وتم التعامل معها في الموقع.","plan_completed_today":false}
daily-progress-report|DUMMY-02/2026-09-28/2	daily-progress-report	{"report_date":"2026-09-28","project":"@@ref:projects|DUMMY-02@@","crew_count":12,"weather":"clear","had_delay":false,"phase":"mep","mep_trade":"electrical","mep_room":"floor_2","has_problem_today":false,"plan_completed_today":true}
daily-progress-report|DUMMY-03/2026-09-28/1	daily-progress-report	{"report_date":"2026-09-28","project":"@@ref:projects|DUMMY-03@@","crew_count":23,"weather":"clear","had_delay":false,"phase":"foundation","footing":"@@ref:project-footings|DUMMY-03/footing_7@@","has_problem_today":true,"problem_description":"نتيجة اختبار الهبوط للخرسانة خارج الحدود المسموحة.","plan_completed_today":false}
daily-progress-report|DUMMY-03/2026-09-28/2	daily-progress-report	{"report_date":"2026-09-28","project":"@@ref:projects|DUMMY-03@@","crew_count":27,"weather":"clear","had_delay":false,"phase":"foundation","footing":"@@ref:project-footings|DUMMY-03/footing_8@@","has_problem_today":false,"plan_completed_today":false}
daily-progress-report|DUMMY-05/2026-09-28/1	daily-progress-report	{"report_date":"2026-09-28","project":"@@ref:projects|DUMMY-05@@","crew_count":12,"weather":"clear","had_delay":false,"phase":"excavation","zone":"@@ref:project-zones|DUMMY-05/zone_3@@","has_problem_today":false,"plan_completed_today":true}
daily-progress-report|DUMMY-02/2026-09-29/1	daily-progress-report	{"report_date":"2026-09-29","project":"@@ref:projects|DUMMY-02@@","crew_count":29,"weather":"clear","had_delay":false,"phase":"structural","floor":"@@ref:project-floors|DUMMY-02/floor_3@@","has_problem_today":false,"plan_completed_today":true}
daily-progress-report|DUMMY-02/2026-09-29/2	daily-progress-report	{"report_date":"2026-09-29","project":"@@ref:projects|DUMMY-02@@","crew_count":11,"weather":"clear","had_delay":false,"phase":"mep","mep_trade":"electrical","mep_room":"floor_2","has_problem_today":false,"plan_completed_today":true}
daily-progress-report|DUMMY-03/2026-09-29/1	daily-progress-report	{"report_date":"2026-09-29","project":"@@ref:projects|DUMMY-03@@","crew_count":29,"weather":"clear","had_delay":false,"phase":"foundation","footing":"@@ref:project-footings|DUMMY-03/footing_7@@","has_problem_today":false,"plan_completed_today":true}
daily-progress-report|DUMMY-03/2026-09-29/2	daily-progress-report	{"report_date":"2026-09-29","project":"@@ref:projects|DUMMY-03@@","crew_count":25,"weather":"clear","had_delay":false,"phase":"foundation","footing":"@@ref:project-footings|DUMMY-03/footing_8@@","has_problem_today":true,"problem_description":"تسرب في الشدات الخشبية أثناء الصب.","plan_completed_today":false}
daily-progress-report|DUMMY-05/2026-09-29/1	daily-progress-report	{"report_date":"2026-09-29","project":"@@ref:projects|DUMMY-05@@","crew_count":10,"weather":"clear","had_delay":false,"phase":"excavation","zone":"@@ref:project-zones|DUMMY-05/zone_3@@","has_problem_today":false,"plan_completed_today":true}
daily-progress-report|DUMMY-02/2026-09-30/1	daily-progress-report	{"report_date":"2026-09-30","project":"@@ref:projects|DUMMY-02@@","crew_count":22,"weather":"extreme_heat","had_delay":true,"phase":"structural","delay_cause":"توقف العمل بسبب الحرارة الشديدة","floor":"@@ref:project-floors|DUMMY-02/floor_3@@","has_problem_today":false,"plan_completed_today":true}
daily-progress-report|DUMMY-02/2026-09-30/2	daily-progress-report	{"report_date":"2026-09-30","project":"@@ref:projects|DUMMY-02@@","crew_count":11,"weather":"extreme_heat","had_delay":false,"phase":"mep","mep_trade":"plumbing","mep_room":"floor_2","has_problem_today":false,"plan_completed_today":false}
daily-progress-report|DUMMY-03/2026-09-30/1	daily-progress-report	{"report_date":"2026-09-30","project":"@@ref:projects|DUMMY-03@@","crew_count":23,"weather":"clear","had_delay":true,"phase":"foundation","delay_cause":"نقص في العمالة","footing":"@@ref:project-footings|DUMMY-03/footing_7@@","has_problem_today":false,"plan_completed_today":true}
daily-progress-report|DUMMY-03/2026-09-30/2	daily-progress-report	{"report_date":"2026-09-30","project":"@@ref:projects|DUMMY-03@@","crew_count":22,"weather":"clear","had_delay":false,"phase":"foundation","footing":"@@ref:project-footings|DUMMY-03/footing_8@@","has_problem_today":false,"plan_completed_today":true}
daily-progress-report|DUMMY-05/2026-09-30/1	daily-progress-report	{"report_date":"2026-09-30","project":"@@ref:projects|DUMMY-05@@","crew_count":11,"weather":"clear","had_delay":false,"phase":"excavation","zone":"@@ref:project-zones|DUMMY-05/zone_4@@","has_problem_today":false,"plan_completed_today":false}
daily-progress-report|DUMMY-02/2026-10-01/1	daily-progress-report	{"report_date":"2026-10-01","project":"@@ref:projects|DUMMY-02@@","crew_count":31,"weather":"clear","had_delay":false,"phase":"structural","floor":"@@ref:project-floors|DUMMY-02/floor_3@@","has_problem_today":false,"plan_completed_today":true}
daily-progress-report|DUMMY-02/2026-10-01/2	daily-progress-report	{"report_date":"2026-10-01","project":"@@ref:projects|DUMMY-02@@","crew_count":11,"weather":"clear","had_delay":false,"phase":"mep","mep_trade":"plumbing","mep_room":"floor_2","has_problem_today":false,"plan_completed_today":true}
daily-progress-report|DUMMY-03/2026-10-01/1	daily-progress-report	{"report_date":"2026-10-01","project":"@@ref:projects|DUMMY-03@@","crew_count":26,"weather":"clear","had_delay":false,"phase":"foundation","footing":"@@ref:project-footings|DUMMY-03/footing_8@@","has_problem_today":false,"plan_completed_today":true}
daily-progress-report|DUMMY-03/2026-10-01/2	daily-progress-report	{"report_date":"2026-10-01","project":"@@ref:projects|DUMMY-03@@","crew_count":24,"weather":"clear","had_delay":false,"phase":"foundation","footing":"@@ref:project-footings|DUMMY-03/footing_9@@","has_problem_today":false,"plan_completed_today":false}
daily-progress-report|DUMMY-05/2026-10-01/1	daily-progress-report	{"report_date":"2026-10-01","project":"@@ref:projects|DUMMY-05@@","crew_count":11,"weather":"clear","had_delay":false,"phase":"excavation","zone":"@@ref:project-zones|DUMMY-05/zone_4@@","has_problem_today":false,"plan_completed_today":true}
daily-progress-report|DUMMY-02/2026-10-03/1	daily-progress-report	{"report_date":"2026-10-03","project":"@@ref:projects|DUMMY-02@@","crew_count":26,"weather":"clear","had_delay":false,"phase":"structural","floor":"@@ref:project-floors|DUMMY-02/floor_3@@","has_problem_today":false,"plan_completed_today":true}
daily-progress-report|DUMMY-02/2026-10-03/2	daily-progress-report	{"report_date":"2026-10-03","project":"@@ref:projects|DUMMY-02@@","crew_count":11,"weather":"clear","had_delay":false,"phase":"mep","mep_trade":"plumbing","mep_room":"floor_2","has_problem_today":false,"plan_completed_today":true}
daily-progress-report|DUMMY-03/2026-10-03/1	daily-progress-report	{"report_date":"2026-10-03","project":"@@ref:projects|DUMMY-03@@","crew_count":24,"weather":"clear","had_delay":false,"phase":"foundation","footing":"@@ref:project-footings|DUMMY-03/footing_9@@","has_problem_today":false,"plan_completed_today":true}
daily-progress-report|DUMMY-03/2026-10-03/2	daily-progress-report	{"report_date":"2026-10-03","project":"@@ref:projects|DUMMY-03@@","crew_count":27,"weather":"clear","had_delay":false,"phase":"foundation","footing":"@@ref:project-footings|DUMMY-03/footing_10@@","has_problem_today":false,"plan_completed_today":false}
daily-progress-report|DUMMY-05/2026-10-03/1	daily-progress-report	{"report_date":"2026-10-03","project":"@@ref:projects|DUMMY-05@@","crew_count":7,"weather":"rain","had_delay":true,"phase":"excavation","delay_cause":"هطول أمطار وتجمع مياه في الموقع","zone":"@@ref:project-zones|DUMMY-05/zone_4@@","has_problem_today":false,"plan_completed_today":true}
daily-progress-report|DUMMY-02/2026-10-04/1	daily-progress-report	{"report_date":"2026-10-04","project":"@@ref:projects|DUMMY-02@@","crew_count":30,"weather":"clear","had_delay":false,"phase":"structural","floor":"@@ref:project-floors|DUMMY-02/floor_3@@","has_problem_today":false,"plan_completed_today":true}
daily-progress-report|DUMMY-02/2026-10-04/2	daily-progress-report	{"report_date":"2026-10-04","project":"@@ref:projects|DUMMY-02@@","crew_count":11,"weather":"clear","had_delay":false,"phase":"mep","mep_trade":"plumbing","mep_room":"floor_2","has_problem_today":false,"plan_completed_today":true}
daily-progress-report|DUMMY-03/2026-10-04/1	daily-progress-report	{"report_date":"2026-10-04","project":"@@ref:projects|DUMMY-03@@","crew_count":28,"weather":"clear","had_delay":true,"phase":"foundation","delay_cause":"تأخر توريد الخرسانة الجاهزة","footing":"@@ref:project-footings|DUMMY-03/footing_9@@","has_problem_today":false,"plan_completed_today":false}
daily-progress-report|DUMMY-03/2026-10-04/2	daily-progress-report	{"report_date":"2026-10-04","project":"@@ref:projects|DUMMY-03@@","crew_count":24,"weather":"clear","had_delay":true,"phase":"foundation","delay_cause":"انقطاع التيار الكهربائي في الموقع","footing":"@@ref:project-footings|DUMMY-03/footing_10@@","has_problem_today":false,"plan_completed_today":false}
daily-progress-report|DUMMY-05/2026-10-04/1	daily-progress-report	{"report_date":"2026-10-04","project":"@@ref:projects|DUMMY-05@@","crew_count":11,"weather":"clear","had_delay":false,"phase":"excavation","zone":"@@ref:project-zones|DUMMY-05/zone_5@@","has_problem_today":false,"plan_completed_today":true}
daily-progress-report|DUMMY-02/2026-10-05/1	daily-progress-report	{"report_date":"2026-10-05","project":"@@ref:projects|DUMMY-02@@","crew_count":22,"weather":"sandstorm","had_delay":true,"phase":"structural","delay_cause":"عاصفة رملية أوقفت العمل في الموقع","floor":"@@ref:project-floors|DUMMY-02/floor_3@@","has_problem_today":false,"plan_completed_today":false}
daily-progress-report|DUMMY-02/2026-10-05/2	daily-progress-report	{"report_date":"2026-10-05","project":"@@ref:projects|DUMMY-02@@","crew_count":9,"weather":"sandstorm","had_delay":true,"phase":"mep","delay_cause":"انعدام الرؤية بسبب الغبار","mep_trade":"hvac","mep_room":"floor_2","has_problem_today":false,"plan_completed_today":false}
daily-progress-report|DUMMY-03/2026-10-05/1	daily-progress-report	{"report_date":"2026-10-05","project":"@@ref:projects|DUMMY-03@@","crew_count":25,"weather":"clear","had_delay":true,"phase":"foundation","delay_cause":"عطل في الحفار","footing":"@@ref:project-footings|DUMMY-03/footing_9@@","has_problem_today":false,"plan_completed_today":true}
daily-progress-report|DUMMY-03/2026-10-05/2	daily-progress-report	{"report_date":"2026-10-05","project":"@@ref:projects|DUMMY-03@@","crew_count":22,"weather":"clear","had_delay":true,"phase":"foundation","delay_cause":"عطل في الحفار","footing":"@@ref:project-footings|DUMMY-03/footing_10@@","has_problem_today":false,"plan_completed_today":false}
daily-progress-report|DUMMY-05/2026-10-05/1	daily-progress-report	{"report_date":"2026-10-05","project":"@@ref:projects|DUMMY-05@@","crew_count":11,"weather":"clear","had_delay":false,"phase":"excavation","zone":"@@ref:project-zones|DUMMY-05/zone_5@@","has_problem_today":true,"problem_description":"ظهور مياه جوفية في قاع الحفر وتحتاج إلى نزح.","plan_completed_today":false}
daily-progress-report|DUMMY-02/2026-10-06/1	daily-progress-report	{"report_date":"2026-10-06","project":"@@ref:projects|DUMMY-02@@","crew_count":30,"weather":"clear","had_delay":false,"phase":"structural","floor":"@@ref:project-floors|DUMMY-02/floor_3@@","has_problem_today":false,"plan_completed_today":true}
daily-progress-report|DUMMY-02/2026-10-06/2	daily-progress-report	{"report_date":"2026-10-06","project":"@@ref:projects|DUMMY-02@@","crew_count":13,"weather":"clear","had_delay":false,"phase":"mep","mep_trade":"hvac","mep_room":"floor_2","has_problem_today":false,"plan_completed_today":true}
daily-progress-report|DUMMY-03/2026-10-06/1	daily-progress-report	{"report_date":"2026-10-06","project":"@@ref:projects|DUMMY-03@@","crew_count":24,"weather":"clear","had_delay":true,"phase":"foundation","delay_cause":"بانتظار اعتماد الاستشاري","footing":"@@ref:project-footings|DUMMY-03/footing_10@@","has_problem_today":false,"plan_completed_today":false}
daily-progress-report|DUMMY-05/2026-10-06/1	daily-progress-report	{"report_date":"2026-10-06","project":"@@ref:projects|DUMMY-05@@","crew_count":12,"weather":"clear","had_delay":false,"phase":"excavation","zone":"@@ref:project-zones|DUMMY-05/zone_5@@","has_problem_today":true,"problem_description":"انهيار جزئي في جوانب الحفر ويحتاج إلى تدعيم.","plan_completed_today":false}
daily-progress-report|DUMMY-02/2026-10-07/1	daily-progress-report	{"report_date":"2026-10-07","project":"@@ref:projects|DUMMY-02@@","crew_count":30,"weather":"clear","had_delay":false,"phase":"structural","floor":"@@ref:project-floors|DUMMY-02/floor_3@@","has_problem_today":false,"plan_completed_today":false}
daily-progress-report|DUMMY-02/2026-10-07/2	daily-progress-report	{"report_date":"2026-10-07","project":"@@ref:projects|DUMMY-02@@","crew_count":10,"weather":"clear","had_delay":false,"phase":"mep","mep_trade":"hvac","mep_room":"floor_2","has_problem_today":false,"plan_completed_today":true}
daily-progress-report|DUMMY-03/2026-10-07/1	daily-progress-report	{"report_date":"2026-10-07","project":"@@ref:projects|DUMMY-03@@","crew_count":27,"weather":"clear","had_delay":false,"phase":"foundation","footing":"@@ref:project-footings|DUMMY-03/footing_10@@","has_problem_today":true,"problem_description":"ملاحظات من الاستشاري على تسليح القاعدة قبل الصب.","plan_completed_today":false}
daily-progress-report|DUMMY-05/2026-10-07/1	daily-progress-report	{"report_date":"2026-10-07","project":"@@ref:projects|DUMMY-05@@","crew_count":10,"weather":"clear","had_delay":false,"phase":"excavation","zone":"@@ref:project-zones|DUMMY-05/zone_5@@","has_problem_today":false,"plan_completed_today":true}
daily-progress-report|DUMMY-02/2026-10-08/1	daily-progress-report	{"report_date":"2026-10-08","project":"@@ref:projects|DUMMY-02@@","crew_count":24,"weather":"rain","had_delay":true,"phase":"structural","delay_cause":"توقف الصب بسبب الأمطار","floor":"@@ref:project-floors|DUMMY-02/floor_3@@","has_problem_today":false,"plan_completed_today":false}
daily-progress-report|DUMMY-02/2026-10-08/2	daily-progress-report	{"report_date":"2026-10-08","project":"@@ref:projects|DUMMY-02@@","crew_count":8,"weather":"rain","had_delay":true,"phase":"mep","delay_cause":"توقف الصب بسبب الأمطار","mep_trade":"hvac","mep_room":"floor_2","has_problem_today":false,"plan_completed_today":true}
daily-progress-report|DUMMY-03/2026-10-08/1	daily-progress-report	{"report_date":"2026-10-08","project":"@@ref:projects|DUMMY-03@@","crew_count":27,"weather":"clear","had_delay":false,"phase":"foundation","footing":"@@ref:project-footings|DUMMY-03/footing_10@@","has_problem_today":false,"plan_completed_today":false}
daily-progress-report|DUMMY-05/2026-10-08/1	daily-progress-report	{"report_date":"2026-10-08","project":"@@ref:projects|DUMMY-05@@","crew_count":16,"weather":"clear","had_delay":false,"phase":"foundation","footing":"@@ref:project-footings|DUMMY-05/footing_1@@","has_problem_today":true,"problem_description":"نتيجة اختبار الهبوط للخرسانة خارج الحدود المسموحة.","plan_completed_today":false}
daily-progress-report|DUMMY-02/2026-10-10/1	daily-progress-report	{"report_date":"2026-10-10","project":"@@ref:projects|DUMMY-02@@","crew_count":28,"weather":"clear","had_delay":false,"phase":"structural","floor":"@@ref:project-floors|DUMMY-02/floor_3@@","has_problem_today":true,"problem_description":"تأخر في تسليم مخططات الورشة المعتمدة.","plan_completed_today":false}
daily-progress-report|DUMMY-03/2026-10-10/1	daily-progress-report	{"report_date":"2026-10-10","project":"@@ref:projects|DUMMY-03@@","crew_count":27,"weather":"clear","had_delay":true,"phase":"foundation","delay_cause":"انقطاع التيار الكهربائي في الموقع","footing":"@@ref:project-footings|DUMMY-03/footing_10@@","has_problem_today":false,"plan_completed_today":false}
daily-progress-report|DUMMY-05/2026-10-10/1	daily-progress-report	{"report_date":"2026-10-10","project":"@@ref:projects|DUMMY-05@@","crew_count":14,"weather":"clear","had_delay":false,"phase":"foundation","footing":"@@ref:project-footings|DUMMY-05/footing_1@@","has_problem_today":false,"plan_completed_today":true}
stock-inflow|DUMMY-01/2026-07-22/1	stock-inflow	{"date":"2026-07-22","project":"@@ref:projects|DUMMY-01@@","material":"gravel","quantity":48.6,"unit":"cubic_meter","storage_location":"مستودع موقع فلل الندى"}
stock-inflow|DUMMY-01/2026-07-22/2	stock-inflow	{"date":"2026-07-22","project":"@@ref:projects|DUMMY-01@@","material":"wood","quantity":184,"unit":"piece","storage_location":"مستودع موقع فلل الندى","notes":"تم الاستلام والمطابقة مع الفاتورة."}
stock-inflow|DUMMY-01/2026-07-26/1	stock-inflow	{"date":"2026-07-26","project":"@@ref:projects|DUMMY-01@@","material":"gravel","quantity":52.8,"unit":"cubic_meter","storage_location":"مستودع موقع فلل الندى","notes":"تم الفحص الظاهري عند الاستلام."}
stock-inflow|DUMMY-02/2026-07-27/1	stock-inflow	{"date":"2026-07-27","project":"@@ref:projects|DUMMY-02@@","material":"sand","quantity":28.3,"unit":"cubic_meter","storage_location":"المستودع المركزي - جدة","notes":"تم الفحص الظاهري عند الاستلام."}
stock-inflow|DUMMY-02/2026-07-27/2	stock-inflow	{"date":"2026-07-27","project":"@@ref:projects|DUMMY-02@@","material":"gravel","quantity":77.3,"unit":"cubic_meter","storage_location":"المستودع المركزي - جدة"}
stock-inflow|DUMMY-01/2026-07-29/1	stock-inflow	{"date":"2026-07-29","project":"@@ref:projects|DUMMY-01@@","material":"sand","quantity":56.2,"unit":"cubic_meter","storage_location":"مستودع موقع فلل الندى"}
stock-inflow|DUMMY-01/2026-07-30/1	stock-inflow	{"date":"2026-07-30","project":"@@ref:projects|DUMMY-01@@","material":"ready_mix","quantity":74.7,"unit":"cubic_meter","storage_location":"مستودع موقع فلل الندى","notes":"تم الاستلام والمطابقة مع الفاتورة."}
stock-inflow|DUMMY-02/2026-07-30/1	stock-inflow	{"date":"2026-07-30","project":"@@ref:projects|DUMMY-02@@","material":"gravel","quantity":87.8,"unit":"cubic_meter","storage_location":"المستودع المركزي - جدة","notes":"توريد حسب أمر الشراء."}
stock-inflow|DUMMY-01/2026-08-04/1	stock-inflow	{"date":"2026-08-04","project":"@@ref:projects|DUMMY-01@@","material":"rebar","quantity":20.6,"unit":"ton","storage_location":"مستودع موقع فلل الندى"}
stock-inflow|DUMMY-01/2026-08-04/2	stock-inflow	{"date":"2026-08-04","project":"@@ref:projects|DUMMY-01@@","material":"gravel","quantity":30.2,"unit":"cubic_meter","storage_location":"مستودع موقع فلل الندى","notes":"تم الفحص الظاهري عند الاستلام."}
stock-inflow|DUMMY-02/2026-08-04/1	stock-inflow	{"date":"2026-08-04","project":"@@ref:projects|DUMMY-02@@","material":"gravel","quantity":49.9,"unit":"cubic_meter","storage_location":"المستودع المركزي - جدة"}
stock-inflow|DUMMY-02/2026-08-04/2	stock-inflow	{"date":"2026-08-04","project":"@@ref:projects|DUMMY-02@@","material":"sand","quantity":47.3,"unit":"cubic_meter","storage_location":"المستودع المركزي - جدة"}
stock-inflow|DUMMY-01/2026-08-08/1	stock-inflow	{"date":"2026-08-08","project":"@@ref:projects|DUMMY-01@@","material":"cement","quantity":247,"unit":"bag","storage_location":"مستودع موقع فلل الندى","notes":"توريد جزئي - الباقي في الدفعة القادمة."}
stock-inflow|DUMMY-01/2026-08-08/2	stock-inflow	{"date":"2026-08-08","project":"@@ref:projects|DUMMY-01@@","material":"rebar","quantity":23.8,"unit":"ton","storage_location":"مستودع موقع فلل الندى"}
stock-inflow|DUMMY-02/2026-08-09/1	stock-inflow	{"date":"2026-08-09","project":"@@ref:projects|DUMMY-02@@","material":"cement","quantity":473,"unit":"bag","storage_location":"المستودع المركزي - جدة"}
stock-inflow|DUMMY-01/2026-08-12/1	stock-inflow	{"date":"2026-08-12","project":"@@ref:projects|DUMMY-01@@","material":"wood","quantity":367,"unit":"piece","storage_location":"مستودع موقع فلل الندى"}
stock-inflow|DUMMY-02/2026-08-12/1	stock-inflow	{"date":"2026-08-12","project":"@@ref:projects|DUMMY-02@@","material":"other","quantity":28,"unit":"roll","storage_location":"المستودع المركزي - جدة","material_other":"مواد عزل مائي"}
stock-inflow|DUMMY-01/2026-08-17/1	stock-inflow	{"date":"2026-08-17","project":"@@ref:projects|DUMMY-01@@","material":"ready_mix","quantity":67.9,"unit":"cubic_meter","storage_location":"مستودع موقع فلل الندى"}
stock-inflow|DUMMY-02/2026-08-17/1	stock-inflow	{"date":"2026-08-17","project":"@@ref:projects|DUMMY-02@@","material":"wood","quantity":432,"unit":"piece","storage_location":"المستودع المركزي - جدة"}
stock-inflow|DUMMY-02/2026-08-17/2	stock-inflow	{"date":"2026-08-17","project":"@@ref:projects|DUMMY-02@@","material":"ready_mix","quantity":136.2,"unit":"cubic_meter","storage_location":"المستودع المركزي - جدة","notes":"تم الفحص الظاهري عند الاستلام."}
stock-inflow|DUMMY-01/2026-08-20/1	stock-inflow	{"date":"2026-08-20","project":"@@ref:projects|DUMMY-01@@","material":"rebar","quantity":15.6,"unit":"ton","storage_location":"مستودع موقع فلل الندى","notes":"تم الفحص الظاهري عند الاستلام."}
stock-inflow|DUMMY-01/2026-08-20/2	stock-inflow	{"date":"2026-08-20","project":"@@ref:projects|DUMMY-01@@","material":"other","quantity":27,"unit":"box","storage_location":"مستودع موقع فلل الندى","material_other":"مسامير وبراغي"}
stock-inflow|DUMMY-04/2026-08-20/1	stock-inflow	{"date":"2026-08-20","project":"@@ref:projects|DUMMY-04@@","material":"sand","quantity":39.5,"unit":"cubic_meter","storage_location":"مستودع موقع مستودعات الخليج","notes":"تم الفحص الظاهري عند الاستلام."}
stock-inflow|DUMMY-04/2026-08-20/2	stock-inflow	{"date":"2026-08-20","project":"@@ref:projects|DUMMY-04@@","material":"gravel","quantity":87.6,"unit":"cubic_meter","storage_location":"مستودع موقع مستودعات الخليج","notes":"تم الفحص الظاهري عند الاستلام."}
stock-inflow|DUMMY-02/2026-08-22/1	stock-inflow	{"date":"2026-08-22","project":"@@ref:projects|DUMMY-02@@","material":"gravel","quantity":48.6,"unit":"cubic_meter","storage_location":"المستودع المركزي - جدة","notes":"توريد حسب أمر الشراء."}
stock-inflow|DUMMY-02/2026-08-22/2	stock-inflow	{"date":"2026-08-22","project":"@@ref:projects|DUMMY-02@@","material":"ready_mix","quantity":180.9,"unit":"cubic_meter","storage_location":"المستودع المركزي - جدة","notes":"تم الاستلام والمطابقة مع الفاتورة."}
stock-inflow|DUMMY-03/2026-08-23/1	stock-inflow	{"date":"2026-08-23","project":"@@ref:projects|DUMMY-03@@","material":"gravel","quantity":31.9,"unit":"cubic_meter","storage_location":"ساحة التخزين الخارجية - الريان"}
stock-inflow|DUMMY-03/2026-08-23/2	stock-inflow	{"date":"2026-08-23","project":"@@ref:projects|DUMMY-03@@","material":"sand","quantity":54.8,"unit":"cubic_meter","storage_location":"مستودع موقع مجمع الريان"}
stock-inflow|DUMMY-01/2026-08-24/1	stock-inflow	{"date":"2026-08-24","project":"@@ref:projects|DUMMY-01@@","material":"sand","quantity":47.9,"unit":"cubic_meter","storage_location":"مستودع موقع فلل الندى"}
stock-inflow|DUMMY-01/2026-08-24/2	stock-inflow	{"date":"2026-08-24","project":"@@ref:projects|DUMMY-01@@","material":"ready_mix","quantity":82.7,"unit":"cubic_meter","storage_location":"مستودع موقع فلل الندى"}
stock-inflow|DUMMY-04/2026-08-25/1	stock-inflow	{"date":"2026-08-25","project":"@@ref:projects|DUMMY-04@@","material":"sand","quantity":60.8,"unit":"cubic_meter","storage_location":"مستودع موقع مستودعات الخليج"}
stock-inflow|DUMMY-01/2026-08-26/1	stock-inflow	{"date":"2026-08-26","project":"@@ref:projects|DUMMY-01@@","material":"other","quantity":155,"unit":"liter","storage_location":"مستودع موقع فلل الندى","material_other":"دهانات","notes":"توريد جزئي - الباقي في الدفعة القادمة."}
stock-inflow|DUMMY-02/2026-08-26/1	stock-inflow	{"date":"2026-08-26","project":"@@ref:projects|DUMMY-02@@","material":"cement","quantity":668,"unit":"bag","storage_location":"مستودع موقع برج الياسمين"}
stock-inflow|DUMMY-03/2026-08-29/1	stock-inflow	{"date":"2026-08-29","project":"@@ref:projects|DUMMY-03@@","material":"gravel","quantity":29.5,"unit":"cubic_meter","storage_location":"ساحة التخزين الخارجية - الريان","notes":"تم الاستلام والمطابقة مع الفاتورة."}
stock-inflow|DUMMY-04/2026-08-29/1	stock-inflow	{"date":"2026-08-29","project":"@@ref:projects|DUMMY-04@@","material":"sand","quantity":36.4,"unit":"cubic_meter","storage_location":"مستودع موقع مستودعات الخليج","notes":"تم الفحص الظاهري عند الاستلام."}
stock-inflow|DUMMY-01/2026-08-30/1	stock-inflow	{"date":"2026-08-30","project":"@@ref:projects|DUMMY-01@@","material":"other","quantity":32,"unit":"roll","storage_location":"مستودع موقع فلل الندى","material_other":"كابلات كهربائية","notes":"توريد حسب أمر الشراء."}
stock-inflow|DUMMY-01/2026-08-31/1	stock-inflow	{"date":"2026-08-31","project":"@@ref:projects|DUMMY-01@@","material":"cement","quantity":468,"unit":"bag","storage_location":"مستودع موقع فلل الندى"}
stock-inflow|DUMMY-01/2026-08-31/2	stock-inflow	{"date":"2026-08-31","project":"@@ref:projects|DUMMY-01@@","material":"ready_mix","quantity":55.3,"unit":"cubic_meter","storage_location":"مستودع موقع فلل الندى"}
stock-inflow|DUMMY-02/2026-08-31/1	stock-inflow	{"date":"2026-08-31","project":"@@ref:projects|DUMMY-02@@","material":"ready_mix","quantity":103.1,"unit":"cubic_meter","storage_location":"المستودع المركزي - جدة"}
stock-inflow|DUMMY-04/2026-09-01/1	stock-inflow	{"date":"2026-09-01","project":"@@ref:projects|DUMMY-04@@","material":"sand","quantity":39.1,"unit":"cubic_meter","storage_location":"مستودع موقع مستودعات الخليج","notes":"توريد حسب أمر الشراء."}
stock-inflow|DUMMY-03/2026-09-02/1	stock-inflow	{"date":"2026-09-02","project":"@@ref:projects|DUMMY-03@@","material":"sand","quantity":33.1,"unit":"cubic_meter","storage_location":"مستودع موقع مجمع الريان","notes":"تم الاستلام والمطابقة مع الفاتورة."}
stock-inflow|DUMMY-03/2026-09-02/2	stock-inflow	{"date":"2026-09-02","project":"@@ref:projects|DUMMY-03@@","material":"wood","quantity":265,"unit":"piece","storage_location":"ساحة التخزين الخارجية - الريان"}
stock-inflow|DUMMY-01/2026-09-03/1	stock-inflow	{"date":"2026-09-03","project":"@@ref:projects|DUMMY-01@@","material":"pipes","quantity":128,"unit":"piece","storage_location":"مستودع موقع فلل الندى","notes":"تم الفحص الظاهري عند الاستلام."}
stock-inflow|DUMMY-04/2026-09-03/1	stock-inflow	{"date":"2026-09-03","project":"@@ref:projects|DUMMY-04@@","material":"rebar","quantity":15.9,"unit":"ton","storage_location":"مستودع موقع مستودعات الخليج"}
stock-inflow|DUMMY-02/2026-09-06/1	stock-inflow	{"date":"2026-09-06","project":"@@ref:projects|DUMMY-02@@","material":"ready_mix","quantity":46.9,"unit":"cubic_meter","storage_location":"المستودع المركزي - جدة"}
stock-inflow|DUMMY-02/2026-09-06/2	stock-inflow	{"date":"2026-09-06","project":"@@ref:projects|DUMMY-02@@","material":"wood","quantity":339,"unit":"piece","storage_location":"مستودع موقع برج الياسمين","notes":"توريد حسب أمر الشراء."}
stock-inflow|DUMMY-03/2026-09-06/1	stock-inflow	{"date":"2026-09-06","project":"@@ref:projects|DUMMY-03@@","material":"sand","quantity":66.4,"unit":"cubic_meter","storage_location":"ساحة التخزين الخارجية - الريان","notes":"توريد جزئي - الباقي في الدفعة القادمة."}
stock-inflow|DUMMY-01/2026-09-07/1	stock-inflow	{"date":"2026-09-07","project":"@@ref:projects|DUMMY-01@@","material":"rebar","quantity":28.5,"unit":"ton","storage_location":"مستودع موقع فلل الندى"}
stock-inflow|DUMMY-01/2026-09-07/2	stock-inflow	{"date":"2026-09-07","project":"@@ref:projects|DUMMY-01@@","material":"wood","quantity":233,"unit":"piece","storage_location":"مستودع موقع فلل الندى","notes":"تم الاستلام والمطابقة مع الفاتورة."}
stock-inflow|DUMMY-01/2026-09-08/1	stock-inflow	{"date":"2026-09-08","project":"@@ref:projects|DUMMY-01@@","material":"pipes","quantity":147,"unit":"piece","storage_location":"مستودع موقع فلل الندى","notes":"توريد جزئي - الباقي في الدفعة القادمة."}
stock-inflow|DUMMY-03/2026-09-08/1	stock-inflow	{"date":"2026-09-08","project":"@@ref:projects|DUMMY-03@@","material":"ready_mix","quantity":135.9,"unit":"cubic_meter","storage_location":"ساحة التخزين الخارجية - الريان","notes":"توريد جزئي - الباقي في الدفعة القادمة."}
stock-inflow|DUMMY-04/2026-09-08/1	stock-inflow	{"date":"2026-09-08","project":"@@ref:projects|DUMMY-04@@","material":"ready_mix","quantity":169.2,"unit":"cubic_meter","storage_location":"مستودع موقع مستودعات الخليج"}
stock-inflow|DUMMY-04/2026-09-08/2	stock-inflow	{"date":"2026-09-08","project":"@@ref:projects|DUMMY-04@@","material":"gravel","quantity":69.1,"unit":"cubic_meter","storage_location":"مستودع موقع مستودعات الخليج","notes":"توريد حسب أمر الشراء."}
stock-inflow|DUMMY-02/2026-09-09/1	stock-inflow	{"date":"2026-09-09","project":"@@ref:projects|DUMMY-02@@","material":"ready_mix","quantity":148.6,"unit":"cubic_meter","storage_location":"مستودع موقع برج الياسمين","notes":"توريد حسب أمر الشراء."}
stock-inflow|DUMMY-02/2026-09-10/1	stock-inflow	{"date":"2026-09-10","project":"@@ref:projects|DUMMY-02@@","material":"pipes","quantity":159,"unit":"piece","storage_location":"مستودع موقع برج الياسمين"}
stock-inflow|DUMMY-02/2026-09-10/2	stock-inflow	{"date":"2026-09-10","project":"@@ref:projects|DUMMY-02@@","material":"other","quantity":13,"unit":"roll","storage_location":"مستودع موقع برج الياسمين","material_other":"كابلات كهربائية","notes":"تم الفحص الظاهري عند الاستلام."}
stock-inflow|DUMMY-01/2026-09-13/1	stock-inflow	{"date":"2026-09-13","project":"@@ref:projects|DUMMY-01@@","material":"other","quantity":31,"unit":"roll","storage_location":"مستودع موقع فلل الندى","material_other":"كابلات كهربائية"}
stock-inflow|DUMMY-01/2026-09-13/2	stock-inflow	{"date":"2026-09-13","project":"@@ref:projects|DUMMY-01@@","material":"other","quantity":271,"unit":"liter","storage_location":"مستودع موقع فلل الندى","material_other":"دهانات"}
stock-inflow|DUMMY-03/2026-09-13/1	stock-inflow	{"date":"2026-09-13","project":"@@ref:projects|DUMMY-03@@","material":"wood","quantity":292,"unit":"piece","storage_location":"ساحة التخزين الخارجية - الريان"}
stock-inflow|DUMMY-03/2026-09-13/2	stock-inflow	{"date":"2026-09-13","project":"@@ref:projects|DUMMY-03@@","material":"rebar","quantity":19.6,"unit":"ton","storage_location":"ساحة التخزين الخارجية - الريان"}
stock-inflow|DUMMY-04/2026-09-13/1	stock-inflow	{"date":"2026-09-13","project":"@@ref:projects|DUMMY-04@@","material":"ready_mix","quantity":177.1,"unit":"cubic_meter","storage_location":"مستودع موقع مستودعات الخليج"}
stock-inflow|DUMMY-02/2026-09-14/1	stock-inflow	{"date":"2026-09-14","project":"@@ref:projects|DUMMY-02@@","material":"other","quantity":44,"unit":"roll","storage_location":"المستودع المركزي - جدة","material_other":"كابلات كهربائية"}
stock-inflow|DUMMY-02/2026-09-14/2	stock-inflow	{"date":"2026-09-14","project":"@@ref:projects|DUMMY-02@@","material":"pipes","quantity":223,"unit":"piece","storage_location":"المستودع المركزي - جدة","notes":"توريد حسب أمر الشراء."}
stock-inflow|DUMMY-02/2026-09-16/1	stock-inflow	{"date":"2026-09-16","project":"@@ref:projects|DUMMY-02@@","material":"ready_mix","quantity":183.2,"unit":"cubic_meter","storage_location":"المستودع المركزي - جدة"}
stock-inflow|DUMMY-02/2026-09-16/2	stock-inflow	{"date":"2026-09-16","project":"@@ref:projects|DUMMY-02@@","material":"cement","quantity":555,"unit":"bag","storage_location":"المستودع المركزي - جدة"}
stock-inflow|DUMMY-01/2026-09-17/1	stock-inflow	{"date":"2026-09-17","project":"@@ref:projects|DUMMY-01@@","material":"other","quantity":34,"unit":"roll","storage_location":"مستودع موقع فلل الندى","material_other":"كابلات كهربائية"}
stock-inflow|DUMMY-01/2026-09-17/2	stock-inflow	{"date":"2026-09-17","project":"@@ref:projects|DUMMY-01@@","material":"other","quantity":246,"unit":"liter","storage_location":"مستودع موقع فلل الندى","material_other":"دهانات","notes":"توريد حسب أمر الشراء."}
stock-inflow|DUMMY-03/2026-09-17/1	stock-inflow	{"date":"2026-09-17","project":"@@ref:projects|DUMMY-03@@","material":"rebar","quantity":21.0,"unit":"ton","storage_location":"ساحة التخزين الخارجية - الريان","notes":"تم الفحص الظاهري عند الاستلام."}
stock-inflow|DUMMY-02/2026-09-19/1	stock-inflow	{"date":"2026-09-19","project":"@@ref:projects|DUMMY-02@@","material":"pipes","quantity":110,"unit":"piece","storage_location":"المستودع المركزي - جدة"}
stock-inflow|DUMMY-03/2026-09-21/1	stock-inflow	{"date":"2026-09-21","project":"@@ref:projects|DUMMY-03@@","material":"ready_mix","quantity":135.5,"unit":"cubic_meter","storage_location":"ساحة التخزين الخارجية - الريان"}
stock-inflow|DUMMY-05/2026-09-21/1	stock-inflow	{"date":"2026-09-21","project":"@@ref:projects|DUMMY-05@@","material":"gravel","quantity":49.6,"unit":"cubic_meter","storage_location":"مستودع موقع مدرسة الفيصل"}
stock-inflow|DUMMY-02/2026-09-22/1	stock-inflow	{"date":"2026-09-22","project":"@@ref:projects|DUMMY-02@@","material":"rebar","quantity":29.9,"unit":"ton","storage_location":"مستودع موقع برج الياسمين"}
stock-inflow|DUMMY-02/2026-09-22/2	stock-inflow	{"date":"2026-09-22","project":"@@ref:projects|DUMMY-02@@","material":"wood","quantity":226,"unit":"piece","storage_location":"مستودع موقع برج الياسمين"}
stock-inflow|DUMMY-03/2026-09-26/1	stock-inflow	{"date":"2026-09-26","project":"@@ref:projects|DUMMY-03@@","material":"rebar","quantity":18.2,"unit":"ton","storage_location":"مستودع موقع مجمع الريان"}
stock-inflow|DUMMY-02/2026-09-27/1	stock-inflow	{"date":"2026-09-27","project":"@@ref:projects|DUMMY-02@@","material":"ready_mix","quantity":122.5,"unit":"cubic_meter","storage_location":"مستودع موقع برج الياسمين"}
stock-inflow|DUMMY-02/2026-09-27/2	stock-inflow	{"date":"2026-09-27","project":"@@ref:projects|DUMMY-02@@","material":"wood","quantity":150,"unit":"piece","storage_location":"المستودع المركزي - جدة"}
stock-inflow|DUMMY-02/2026-09-27/3	stock-inflow	{"date":"2026-09-27","project":"@@ref:projects|DUMMY-02@@","material":"other","quantity":231,"unit":"liter","storage_location":"المستودع المركزي - جدة","material_other":"دهانات","notes":"توريد حسب أمر الشراء."}
stock-inflow|DUMMY-02/2026-09-27/4	stock-inflow	{"date":"2026-09-27","project":"@@ref:projects|DUMMY-02@@","material":"other","quantity":22,"unit":"roll","storage_location":"مستودع موقع برج الياسمين","material_other":"كابلات كهربائية"}
stock-inflow|DUMMY-05/2026-09-27/1	stock-inflow	{"date":"2026-09-27","project":"@@ref:projects|DUMMY-05@@","material":"gravel","quantity":27.5,"unit":"cubic_meter","storage_location":"مستودع موقع مدرسة الفيصل"}
stock-inflow|DUMMY-05/2026-09-27/2	stock-inflow	{"date":"2026-09-27","project":"@@ref:projects|DUMMY-05@@","material":"sand","quantity":55.9,"unit":"cubic_meter","storage_location":"مستودع موقع مدرسة الفيصل"}
stock-inflow|DUMMY-03/2026-09-30/1	stock-inflow	{"date":"2026-09-30","project":"@@ref:projects|DUMMY-03@@","material":"cement","quantity":336,"unit":"bag","storage_location":"ساحة التخزين الخارجية - الريان","notes":"توريد حسب أمر الشراء."}
stock-inflow|DUMMY-03/2026-09-30/2	stock-inflow	{"date":"2026-09-30","project":"@@ref:projects|DUMMY-03@@","material":"ready_mix","quantity":194.3,"unit":"cubic_meter","storage_location":"مستودع موقع مجمع الريان"}
stock-inflow|DUMMY-05/2026-09-30/1	stock-inflow	{"date":"2026-09-30","project":"@@ref:projects|DUMMY-05@@","material":"sand","quantity":70.2,"unit":"cubic_meter","storage_location":"مستودع موقع مدرسة الفيصل","notes":"توريد حسب أمر الشراء."}
stock-inflow|DUMMY-02/2026-10-01/1	stock-inflow	{"date":"2026-10-01","project":"@@ref:projects|DUMMY-02@@","material":"other","quantity":266,"unit":"liter","storage_location":"مستودع موقع برج الياسمين","material_other":"دهانات"}
stock-inflow|DUMMY-02/2026-10-01/2	stock-inflow	{"date":"2026-10-01","project":"@@ref:projects|DUMMY-02@@","material":"other","quantity":25,"unit":"roll","storage_location":"مستودع موقع برج الياسمين","material_other":"كابلات كهربائية"}
stock-inflow|DUMMY-02/2026-10-03/1	stock-inflow	{"date":"2026-10-03","project":"@@ref:projects|DUMMY-02@@","material":"blocks","quantity":7742,"unit":"piece","storage_location":"مستودع موقع برج الياسمين","notes":"تم الفحص الظاهري عند الاستلام."}
stock-inflow|DUMMY-03/2026-10-04/1	stock-inflow	{"date":"2026-10-04","project":"@@ref:projects|DUMMY-03@@","material":"rebar","quantity":25.3,"unit":"ton","storage_location":"مستودع موقع مجمع الريان"}
stock-inflow|DUMMY-05/2026-10-04/1	stock-inflow	{"date":"2026-10-04","project":"@@ref:projects|DUMMY-05@@","material":"wood","quantity":145,"unit":"piece","storage_location":"مستودع موقع مدرسة الفيصل"}
stock-inflow|DUMMY-05/2026-10-04/2	stock-inflow	{"date":"2026-10-04","project":"@@ref:projects|DUMMY-05@@","material":"gravel","quantity":72.9,"unit":"cubic_meter","storage_location":"مستودع موقع مدرسة الفيصل","notes":"تم الفحص الظاهري عند الاستلام."}
stock-inflow|DUMMY-02/2026-10-05/1	stock-inflow	{"date":"2026-10-05","project":"@@ref:projects|DUMMY-02@@","material":"other","quantity":216,"unit":"liter","storage_location":"المستودع المركزي - جدة","material_other":"دهانات","notes":"توريد حسب أمر الشراء."}
stock-inflow|DUMMY-02/2026-10-05/2	stock-inflow	{"date":"2026-10-05","project":"@@ref:projects|DUMMY-02@@","material":"other","quantity":36,"unit":"roll","storage_location":"مستودع موقع برج الياسمين","material_other":"كابلات كهربائية"}
stock-inflow|DUMMY-05/2026-10-07/1	stock-inflow	{"date":"2026-10-07","project":"@@ref:projects|DUMMY-05@@","material":"gravel","quantity":42.6,"unit":"cubic_meter","storage_location":"مستودع موقع مدرسة الفيصل"}
stock-inflow|DUMMY-05/2026-10-07/2	stock-inflow	{"date":"2026-10-07","project":"@@ref:projects|DUMMY-05@@","material":"sand","quantity":72.5,"unit":"cubic_meter","storage_location":"مستودع موقع مدرسة الفيصل"}
stock-inflow|DUMMY-02/2026-10-08/1	stock-inflow	{"date":"2026-10-08","project":"@@ref:projects|DUMMY-02@@","material":"ready_mix","quantity":58.7,"unit":"cubic_meter","storage_location":"المستودع المركزي - جدة","notes":"توريد جزئي - الباقي في الدفعة القادمة."}
stock-inflow|DUMMY-02/2026-10-08/2	stock-inflow	{"date":"2026-10-08","project":"@@ref:projects|DUMMY-02@@","material":"cement","quantity":519,"unit":"bag","storage_location":"المستودع المركزي - جدة"}
stock-inflow|DUMMY-05/2026-10-08/1	stock-inflow	{"date":"2026-10-08","project":"@@ref:projects|DUMMY-05@@","material":"cement","quantity":613,"unit":"bag","storage_location":"مستودع موقع مدرسة الفيصل","notes":"توريد جزئي - الباقي في الدفعة القادمة."}
stock-inflow|DUMMY-05/2026-10-08/2	stock-inflow	{"date":"2026-10-08","project":"@@ref:projects|DUMMY-05@@","material":"wood","quantity":355,"unit":"piece","storage_location":"مستودع موقع مدرسة الفيصل","notes":"توريد جزئي - الباقي في الدفعة القادمة."}
stock-outflow|DUMMY-01/2026-07-23/1	stock-outflow	{"date":"2026-07-23","project":"@@ref:projects|DUMMY-01@@","material":"wood","quantity":37,"unit":"piece","issued_from":"مستودع موقع فلل الندى","reason":"damaged_or_wasted"}
stock-outflow|DUMMY-01/2026-07-26/1	stock-outflow	{"date":"2026-07-26","project":"@@ref:projects|DUMMY-01@@","material":"wood","quantity":45,"unit":"piece","issued_from":"مستودع موقع فلل الندى","reason":"used_in_construction"}
stock-outflow|DUMMY-01/2026-07-27/1	stock-outflow	{"date":"2026-07-27","project":"@@ref:projects|DUMMY-01@@","material":"wood","quantity":34,"unit":"piece","issued_from":"مستودع موقع فلل الندى","reason":"other","reason_other":"استخدام في أعمال مؤقتة بالموقع"}
stock-outflow|DUMMY-02/2026-07-28/1	stock-outflow	{"date":"2026-07-28","project":"@@ref:projects|DUMMY-02@@","material":"sand","quantity":10.9,"unit":"cubic_meter","issued_from":"المستودع المركزي - جدة","reason":"used_in_construction"}
stock-outflow|DUMMY-01/2026-07-29/1	stock-outflow	{"date":"2026-07-29","project":"@@ref:projects|DUMMY-01@@","material":"wood","quantity":18,"unit":"piece","issued_from":"مستودع موقع فلل الندى","reason":"used_in_construction"}
stock-outflow|DUMMY-02/2026-07-29/1	stock-outflow	{"date":"2026-07-29","project":"@@ref:projects|DUMMY-02@@","material":"gravel","quantity":23.1,"unit":"cubic_meter","issued_from":"المستودع المركزي - جدة","reason":"used_in_construction"}
stock-outflow|DUMMY-01/2026-07-30/1	stock-outflow	{"date":"2026-07-30","project":"@@ref:projects|DUMMY-01@@","material":"gravel","quantity":32.3,"unit":"cubic_meter","issued_from":"مستودع موقع فلل الندى","reason":"used_in_construction"}
stock-outflow|DUMMY-02/2026-08-01/1	stock-outflow	{"date":"2026-08-01","project":"@@ref:projects|DUMMY-02@@","material":"sand","quantity":7.1,"unit":"cubic_meter","issued_from":"المستودع المركزي - جدة","reason":"used_in_construction"}
stock-outflow|DUMMY-01/2026-08-02/1	stock-outflow	{"date":"2026-08-02","project":"@@ref:projects|DUMMY-01@@","material":"gravel","quantity":13.9,"unit":"cubic_meter","issued_from":"مستودع موقع فلل الندى","reason":"used_in_construction"}
stock-outflow|DUMMY-02/2026-08-02/1	stock-outflow	{"date":"2026-08-02","project":"@@ref:projects|DUMMY-02@@","material":"sand","quantity":3.2,"unit":"cubic_meter","issued_from":"المستودع المركزي - جدة","reason":"used_in_construction"}
stock-outflow|DUMMY-01/2026-08-03/1	stock-outflow	{"date":"2026-08-03","project":"@@ref:projects|DUMMY-01@@","material":"wood","quantity":13,"unit":"piece","issued_from":"مستودع موقع فلل الندى","reason":"used_in_construction"}
stock-outflow|DUMMY-01/2026-08-04/1	stock-outflow	{"date":"2026-08-04","project":"@@ref:projects|DUMMY-01@@","material":"rebar","quantity":7.3,"unit":"ton","issued_from":"مستودع موقع فلل الندى","reason":"other","reason_other":"استخدام في أعمال مؤقتة بالموقع"}
stock-outflow|DUMMY-02/2026-08-04/1	stock-outflow	{"date":"2026-08-04","project":"@@ref:projects|DUMMY-02@@","material":"gravel","quantity":30.4,"unit":"cubic_meter","issued_from":"المستودع المركزي - جدة","reason":"used_in_construction"}
stock-outflow|DUMMY-02/2026-08-05/1	stock-outflow	{"date":"2026-08-05","project":"@@ref:projects|DUMMY-02@@","material":"gravel","quantity":31.4,"unit":"cubic_meter","issued_from":"المستودع المركزي - جدة","reason":"used_in_construction"}
stock-outflow|DUMMY-01/2026-08-06/1	stock-outflow	{"date":"2026-08-06","project":"@@ref:projects|DUMMY-01@@","material":"wood","quantity":15,"unit":"piece","issued_from":"مستودع موقع فلل الندى","reason":"used_in_construction"}
stock-outflow|DUMMY-02/2026-08-06/1	stock-outflow	{"date":"2026-08-06","project":"@@ref:projects|DUMMY-02@@","material":"sand","quantity":11.8,"unit":"cubic_meter","issued_from":"المستودع المركزي - جدة","reason":"used_in_construction"}
stock-outflow|DUMMY-01/2026-08-08/1	stock-outflow	{"date":"2026-08-08","project":"@@ref:projects|DUMMY-01@@","material":"wood","quantity":7,"unit":"piece","issued_from":"مستودع موقع فلل الندى","reason":"used_in_construction"}
stock-outflow|DUMMY-02/2026-08-08/1	stock-outflow	{"date":"2026-08-08","project":"@@ref:projects|DUMMY-02@@","material":"sand","quantity":14.7,"unit":"cubic_meter","issued_from":"المستودع المركزي - جدة","reason":"used_in_construction"}
stock-outflow|DUMMY-02/2026-08-09/1	stock-outflow	{"date":"2026-08-09","project":"@@ref:projects|DUMMY-02@@","material":"cement","quantity":193,"unit":"bag","issued_from":"المستودع المركزي - جدة","reason":"used_in_construction"}
stock-outflow|DUMMY-01/2026-08-10/1	stock-outflow	{"date":"2026-08-10","project":"@@ref:projects|DUMMY-01@@","material":"cement","quantity":40,"unit":"bag","issued_from":"مستودع موقع فلل الندى","reason":"used_in_construction"}
stock-outflow|DUMMY-02/2026-08-10/1	stock-outflow	{"date":"2026-08-10","project":"@@ref:projects|DUMMY-02@@","material":"cement","quantity":113,"unit":"bag","issued_from":"المستودع المركزي - جدة","reason":"used_in_construction"}
stock-outflow|DUMMY-01/2026-08-11/1	stock-outflow	{"date":"2026-08-11","project":"@@ref:projects|DUMMY-01@@","material":"gravel","quantity":31.0,"unit":"cubic_meter","issued_from":"مستودع موقع فلل الندى","reason":"used_in_construction"}
stock-outflow|DUMMY-02/2026-08-11/1	stock-outflow	{"date":"2026-08-11","project":"@@ref:projects|DUMMY-02@@","material":"gravel","quantity":55.4,"unit":"cubic_meter","issued_from":"المستودع المركزي - جدة","reason":"used_in_construction"}
stock-outflow|DUMMY-01/2026-08-12/1	stock-outflow	{"date":"2026-08-12","project":"@@ref:projects|DUMMY-01@@","material":"sand","quantity":9.9,"unit":"cubic_meter","issued_from":"مستودع موقع فلل الندى","reason":"used_in_construction"}
stock-outflow|DUMMY-01/2026-08-13/1	stock-outflow	{"date":"2026-08-13","project":"@@ref:projects|DUMMY-01@@","material":"sand","quantity":13.2,"unit":"cubic_meter","issued_from":"مستودع موقع فلل الندى","reason":"used_in_construction"}
stock-outflow|DUMMY-02/2026-08-13/1	stock-outflow	{"date":"2026-08-13","project":"@@ref:projects|DUMMY-02@@","material":"gravel","quantity":12.8,"unit":"cubic_meter","issued_from":"المستودع المركزي - جدة","reason":"used_in_construction"}
stock-outflow|DUMMY-01/2026-08-15/1	stock-outflow	{"date":"2026-08-15","project":"@@ref:projects|DUMMY-01@@","material":"ready_mix","quantity":32.1,"unit":"cubic_meter","issued_from":"مستودع موقع فلل الندى","reason":"used_in_construction"}
stock-outflow|DUMMY-02/2026-08-15/1	stock-outflow	{"date":"2026-08-15","project":"@@ref:projects|DUMMY-02@@","material":"gravel","quantity":18.4,"unit":"cubic_meter","issued_from":"المستودع المركزي - جدة","reason":"used_in_construction"}
stock-outflow|DUMMY-01/2026-08-16/1	stock-outflow	{"date":"2026-08-16","project":"@@ref:projects|DUMMY-01@@","material":"rebar","quantity":13.0,"unit":"ton","issued_from":"مستودع موقع فلل الندى","reason":"used_in_construction"}
stock-outflow|DUMMY-02/2026-08-17/1	stock-outflow	{"date":"2026-08-17","project":"@@ref:projects|DUMMY-02@@","material":"wood","quantity":189,"unit":"piece","issued_from":"المستودع المركزي - جدة","reason":"used_in_construction"}
stock-outflow|DUMMY-01/2026-08-18/1	stock-outflow	{"date":"2026-08-18","project":"@@ref:projects|DUMMY-01@@","material":"cement","quantity":60,"unit":"bag","issued_from":"مستودع موقع فلل الندى","reason":"used_in_construction"}
stock-outflow|DUMMY-01/2026-08-19/1	stock-outflow	{"date":"2026-08-19","project":"@@ref:projects|DUMMY-01@@","material":"wood","quantity":116,"unit":"piece","issued_from":"مستودع موقع فلل الندى","reason":"used_in_construction"}
stock-outflow|DUMMY-01/2026-08-20/1	stock-outflow	{"date":"2026-08-20","project":"@@ref:projects|DUMMY-01@@","material":"wood","quantity":84,"unit":"piece","issued_from":"مستودع موقع فلل الندى","reason":"used_in_construction"}
stock-outflow|DUMMY-02/2026-08-20/1	stock-outflow	{"date":"2026-08-20","project":"@@ref:projects|DUMMY-02@@","material":"ready_mix","quantity":45.2,"unit":"cubic_meter","issued_from":"المستودع المركزي - جدة","reason":"used_in_construction"}
stock-outflow|DUMMY-04/2026-08-20/1	stock-outflow	{"date":"2026-08-20","project":"@@ref:projects|DUMMY-04@@","material":"gravel","quantity":29.8,"unit":"cubic_meter","issued_from":"مستودع موقع مستودعات الخليج","reason":"used_in_construction"}
stock-outflow|DUMMY-01/2026-08-22/1	stock-outflow	{"date":"2026-08-22","project":"@@ref:projects|DUMMY-01@@","material":"rebar","quantity":9.0,"unit":"ton","issued_from":"مستودع موقع فلل الندى","reason":"other","reason_other":"إعارة لمقاول من الباطن"}
stock-outflow|DUMMY-04/2026-08-22/1	stock-outflow	{"date":"2026-08-22","project":"@@ref:projects|DUMMY-04@@","material":"sand","quantity":11.6,"unit":"cubic_meter","issued_from":"مستودع موقع مستودعات الخليج","reason":"used_in_construction"}
stock-outflow|DUMMY-01/2026-08-23/1	stock-outflow	{"date":"2026-08-23","project":"@@ref:projects|DUMMY-01@@","material":"sand","quantity":9.9,"unit":"cubic_meter","issued_from":"مستودع موقع فلل الندى","reason":"used_in_construction"}
stock-outflow|DUMMY-03/2026-08-23/1	stock-outflow	{"date":"2026-08-23","project":"@@ref:projects|DUMMY-03@@","material":"sand","quantity":22.8,"unit":"cubic_meter","issued_from":"مستودع موقع مجمع الريان","reason":"used_in_construction"}
stock-outflow|DUMMY-04/2026-08-23/1	stock-outflow	{"date":"2026-08-23","project":"@@ref:projects|DUMMY-04@@","material":"gravel","quantity":25.9,"unit":"cubic_meter","issued_from":"مستودع موقع مستودعات الخليج","reason":"used_in_construction"}
stock-outflow|DUMMY-03/2026-08-24/1	stock-outflow	{"date":"2026-08-24","project":"@@ref:projects|DUMMY-03@@","material":"gravel","quantity":8.2,"unit":"cubic_meter","issued_from":"ساحة التخزين الخارجية - الريان","reason":"used_in_construction"}
stock-outflow|DUMMY-01/2026-08-25/1	stock-outflow	{"date":"2026-08-25","project":"@@ref:projects|DUMMY-01@@","material":"rebar","quantity":9.6,"unit":"ton","issued_from":"مستودع موقع فلل الندى","reason":"used_in_construction"}
stock-outflow|DUMMY-03/2026-08-25/1	stock-outflow	{"date":"2026-08-25","project":"@@ref:projects|DUMMY-03@@","material":"sand","quantity":7.3,"unit":"cubic_meter","issued_from":"مستودع موقع مجمع الريان","reason":"used_in_construction"}
stock-outflow|DUMMY-02/2026-08-26/1	stock-outflow	{"date":"2026-08-26","project":"@@ref:projects|DUMMY-02@@","material":"sand","quantity":8.0,"unit":"cubic_meter","issued_from":"المستودع المركزي - جدة","reason":"used_in_construction"}
stock-outflow|DUMMY-03/2026-08-26/1	stock-outflow	{"date":"2026-08-26","project":"@@ref:projects|DUMMY-03@@","material":"gravel","quantity":8.6,"unit":"cubic_meter","issued_from":"ساحة التخزين الخارجية - الريان","reason":"used_in_construction"}
stock-outflow|DUMMY-04/2026-08-26/1	stock-outflow	{"date":"2026-08-26","project":"@@ref:projects|DUMMY-04@@","material":"gravel","quantity":5.5,"unit":"cubic_meter","issued_from":"مستودع موقع مستودعات الخليج","reason":"used_in_construction"}
stock-outflow|DUMMY-02/2026-08-27/1	stock-outflow	{"date":"2026-08-27","project":"@@ref:projects|DUMMY-02@@","material":"wood","quantity":68,"unit":"piece","issued_from":"المستودع المركزي - جدة","reason":"used_in_construction"}
stock-outflow|DUMMY-03/2026-08-27/1	stock-outflow	{"date":"2026-08-27","project":"@@ref:projects|DUMMY-03@@","material":"gravel","quantity":4.4,"unit":"cubic_meter","issued_from":"ساحة التخزين الخارجية - الريان","reason":"used_in_construction"}
stock-outflow|DUMMY-01/2026-08-29/1	stock-outflow	{"date":"2026-08-29","project":"@@ref:projects|DUMMY-01@@","material":"rebar","quantity":7.7,"unit":"ton","issued_from":"مستودع موقع فلل الندى","reason":"used_in_construction"}
stock-outflow|DUMMY-03/2026-08-29/1	stock-outflow	{"date":"2026-08-29","project":"@@ref:projects|DUMMY-03@@","material":"sand","quantity":8.2,"unit":"cubic_meter","issued_from":"مستودع موقع مجمع الريان","reason":"used_in_construction"}
stock-outflow|DUMMY-04/2026-08-29/1	stock-outflow	{"date":"2026-08-29","project":"@@ref:projects|DUMMY-04@@","material":"sand","quantity":48.8,"unit":"cubic_meter","issued_from":"مستودع موقع مستودعات الخليج","reason":"used_in_construction"}
stock-outflow|DUMMY-02/2026-08-30/1	stock-outflow	{"date":"2026-08-30","project":"@@ref:projects|DUMMY-02@@","material":"cement","quantity":289,"unit":"bag","issued_from":"مستودع موقع برج الياسمين","reason":"used_in_construction"}
stock-outflow|DUMMY-03/2026-08-30/1	stock-outflow	{"date":"2026-08-30","project":"@@ref:projects|DUMMY-03@@","material":"sand","quantity":5.8,"unit":"cubic_meter","issued_from":"مستودع موقع مجمع الريان","reason":"returned_to_supplier"}
stock-outflow|DUMMY-04/2026-08-30/1	stock-outflow	{"date":"2026-08-30","project":"@@ref:projects|DUMMY-04@@","material":"gravel","quantity":10.8,"unit":"cubic_meter","issued_from":"مستودع موقع مستودعات الخليج","reason":"used_in_construction"}
stock-outflow|DUMMY-01/2026-08-31/1	stock-outflow	{"date":"2026-08-31","project":"@@ref:projects|DUMMY-01@@","material":"cement","quantity":190,"unit":"bag","issued_from":"مستودع موقع فلل الندى","reason":"used_in_construction"}
stock-outflow|DUMMY-04/2026-08-31/1	stock-outflow	{"date":"2026-08-31","project":"@@ref:projects|DUMMY-04@@","material":"sand","quantity":31.9,"unit":"cubic_meter","issued_from":"مستودع موقع مستودعات الخليج","reason":"used_in_construction"}
stock-outflow|DUMMY-01/2026-09-01/1	stock-outflow	{"date":"2026-09-01","project":"@@ref:projects|DUMMY-01@@","material":"cement","quantity":114,"unit":"bag","issued_from":"مستودع موقع فلل الندى","reason":"used_in_construction"}
stock-outflow|DUMMY-02/2026-09-01/1	stock-outflow	{"date":"2026-09-01","project":"@@ref:projects|DUMMY-02@@","material":"sand","quantity":3.3,"unit":"cubic_meter","issued_from":"المستودع المركزي - جدة","reason":"used_in_construction"}
stock-outflow|DUMMY-03/2026-09-01/1	stock-outflow	{"date":"2026-09-01","project":"@@ref:projects|DUMMY-03@@","material":"gravel","quantity":16.6,"unit":"cubic_meter","issued_from":"ساحة التخزين الخارجية - الريان","reason":"damaged_or_wasted"}
stock-outflow|DUMMY-04/2026-09-01/1	stock-outflow	{"date":"2026-09-01","project":"@@ref:projects|DUMMY-04@@","material":"gravel","quantity":5.6,"unit":"cubic_meter","issued_from":"مستودع موقع مستودعات الخليج","reason":"used_in_construction"}
stock-outflow|DUMMY-01/2026-09-02/1	stock-outflow	{"date":"2026-09-02","project":"@@ref:projects|DUMMY-01@@","material":"cement","quantity":118,"unit":"bag","issued_from":"مستودع موقع فلل الندى","reason":"damaged_or_wasted"}
stock-outflow|DUMMY-03/2026-09-02/1	stock-outflow	{"date":"2026-09-02","project":"@@ref:projects|DUMMY-03@@","material":"wood","quantity":43,"unit":"piece","issued_from":"ساحة التخزين الخارجية - الريان","reason":"used_in_construction"}
stock-outflow|DUMMY-04/2026-09-02/1	stock-outflow	{"date":"2026-09-02","project":"@@ref:projects|DUMMY-04@@","material":"sand","quantity":15.9,"unit":"cubic_meter","issued_from":"مستودع موقع مستودعات الخليج","reason":"transferred"}
stock-outflow|DUMMY-01/2026-09-03/1	stock-outflow	{"date":"2026-09-03","project":"@@ref:projects|DUMMY-01@@","material":"pipes","quantity":49,"unit":"piece","issued_from":"مستودع موقع فلل الندى","reason":"used_in_construction"}
stock-outflow|DUMMY-02/2026-09-03/1	stock-outflow	{"date":"2026-09-03","project":"@@ref:projects|DUMMY-02@@","material":"sand","quantity":5.3,"unit":"cubic_meter","issued_from":"المستودع المركزي - جدة","reason":"used_in_construction"}
stock-outflow|DUMMY-04/2026-09-03/1	stock-outflow	{"date":"2026-09-03","project":"@@ref:projects|DUMMY-04@@","material":"gravel","quantity":4.0,"unit":"cubic_meter","issued_from":"مستودع موقع مستودعات الخليج","reason":"used_in_construction"}
stock-outflow|DUMMY-01/2026-09-05/1	stock-outflow	{"date":"2026-09-05","project":"@@ref:projects|DUMMY-01@@","material":"wood","quantity":49,"unit":"piece","issued_from":"مستودع موقع فلل الندى","reason":"other","reason_other":"إعارة لمقاول من الباطن"}
stock-outflow|DUMMY-01/2026-09-05/2	stock-outflow	{"date":"2026-09-05","project":"@@ref:projects|DUMMY-01@@","material":"pipes","quantity":16,"unit":"piece","issued_from":"مستودع موقع فلل الندى","reason":"used_in_construction"}
stock-outflow|DUMMY-02/2026-09-05/1	stock-outflow	{"date":"2026-09-05","project":"@@ref:projects|DUMMY-02@@","material":"ready_mix","quantity":119.4,"unit":"cubic_meter","issued_from":"المستودع المركزي - جدة","reason":"used_in_construction"}
stock-outflow|DUMMY-03/2026-09-05/1	stock-outflow	{"date":"2026-09-05","project":"@@ref:projects|DUMMY-03@@","material":"wood","quantity":49,"unit":"piece","issued_from":"ساحة التخزين الخارجية - الريان","reason":"damaged_or_wasted"}
stock-outflow|DUMMY-01/2026-09-06/1	stock-outflow	{"date":"2026-09-06","project":"@@ref:projects|DUMMY-01@@","material":"wood","quantity":46,"unit":"piece","issued_from":"مستودع موقع فلل الندى","reason":"used_in_construction"}
stock-outflow|DUMMY-01/2026-09-06/2	stock-outflow	{"date":"2026-09-06","project":"@@ref:projects|DUMMY-01@@","material":"pipes","quantity":18,"unit":"piece","issued_from":"مستودع موقع فلل الندى","reason":"returned_to_supplier"}
stock-outflow|DUMMY-04/2026-09-06/1	stock-outflow	{"date":"2026-09-06","project":"@@ref:projects|DUMMY-04@@","material":"gravel","quantity":1.3,"unit":"cubic_meter","issued_from":"مستودع موقع مستودعات الخليج","reason":"used_in_construction"}
stock-outflow|DUMMY-01/2026-09-07/1	stock-outflow	{"date":"2026-09-07","project":"@@ref:projects|DUMMY-01@@","material":"wood","quantity":89,"unit":"piece","issued_from":"مستودع موقع فلل الندى","reason":"used_in_construction"}
stock-outflow|DUMMY-02/2026-09-07/1	stock-outflow	{"date":"2026-09-07","project":"@@ref:projects|DUMMY-02@@","material":"wood","quantity":93,"unit":"piece","issued_from":"مستودع موقع برج الياسمين","reason":"damaged_or_wasted"}
stock-outflow|DUMMY-03/2026-09-07/1	stock-outflow	{"date":"2026-09-07","project":"@@ref:projects|DUMMY-03@@","material":"sand","quantity":17.8,"unit":"cubic_meter","issued_from":"مستودع موقع مجمع الريان","reason":"used_in_construction"}
stock-outflow|DUMMY-04/2026-09-07/1	stock-outflow	{"date":"2026-09-07","project":"@@ref:projects|DUMMY-04@@","material":"rebar","quantity":5.8,"unit":"ton","issued_from":"مستودع موقع مستودعات الخليج","reason":"used_in_construction"}
stock-outflow|DUMMY-02/2026-09-08/1	stock-outflow	{"date":"2026-09-08","project":"@@ref:projects|DUMMY-02@@","material":"cement","quantity":114,"unit":"bag","issued_from":"مستودع موقع برج الياسمين","reason":"used_in_construction"}
stock-outflow|DUMMY-03/2026-09-08/1	stock-outflow	{"date":"2026-09-08","project":"@@ref:projects|DUMMY-03@@","material":"gravel","quantity":8.5,"unit":"cubic_meter","issued_from":"ساحة التخزين الخارجية - الريان","reason":"used_in_construction"}
stock-outflow|DUMMY-04/2026-09-08/1	stock-outflow	{"date":"2026-09-08","project":"@@ref:projects|DUMMY-04@@","material":"gravel","quantity":12.8,"unit":"cubic_meter","issued_from":"مستودع موقع مستودعات الخليج","reason":"used_in_construction"}
stock-outflow|DUMMY-01/2026-09-09/1	stock-outflow	{"date":"2026-09-09","project":"@@ref:projects|DUMMY-01@@","material":"pipes","quantity":63,"unit":"piece","issued_from":"مستودع موقع فلل الندى","reason":"used_in_construction"}
stock-outflow|DUMMY-02/2026-09-09/1	stock-outflow	{"date":"2026-09-09","project":"@@ref:projects|DUMMY-02@@","material":"ready_mix","quantity":115.8,"unit":"cubic_meter","issued_from":"المستودع المركزي - جدة","reason":"used_in_construction"}
stock-outflow|DUMMY-04/2026-09-09/1	stock-outflow	{"date":"2026-09-09","project":"@@ref:projects|DUMMY-04@@","material":"rebar","quantity":2.4,"unit":"ton","issued_from":"مستودع موقع مستودعات الخليج","reason":"damaged_or_wasted"}
stock-outflow|DUMMY-01/2026-09-10/1	stock-outflow	{"date":"2026-09-10","project":"@@ref:projects|DUMMY-01@@","material":"pipes","quantity":41,"unit":"piece","issued_from":"مستودع موقع فلل الندى","reason":"used_in_construction"}
stock-outflow|DUMMY-02/2026-09-10/1	stock-outflow	{"date":"2026-09-10","project":"@@ref:projects|DUMMY-02@@","material":"ready_mix","quantity":49.6,"unit":"cubic_meter","issued_from":"المستودع المركزي - جدة","reason":"used_in_construction"}
stock-outflow|DUMMY-03/2026-09-10/1	stock-outflow	{"date":"2026-09-10","project":"@@ref:projects|DUMMY-03@@","material":"wood","quantity":60,"unit":"piece","issued_from":"ساحة التخزين الخارجية - الريان","reason":"used_in_construction"}
stock-outflow|DUMMY-01/2026-09-12/1	stock-outflow	{"date":"2026-09-12","project":"@@ref:projects|DUMMY-01@@","material":"pipes","quantity":32,"unit":"piece","issued_from":"مستودع موقع فلل الندى","reason":"used_in_construction"}
stock-outflow|DUMMY-02/2026-09-12/1	stock-outflow	{"date":"2026-09-12","project":"@@ref:projects|DUMMY-02@@","material":"wood","quantity":43,"unit":"piece","issued_from":"المستودع المركزي - جدة","reason":"used_in_construction"}
stock-outflow|DUMMY-02/2026-09-12/2	stock-outflow	{"date":"2026-09-12","project":"@@ref:projects|DUMMY-02@@","material":"pipes","quantity":47,"unit":"piece","issued_from":"مستودع موقع برج الياسمين","reason":"other","reason_other":"عينة لفحص المختبر"}
stock-outflow|DUMMY-03/2026-09-12/1	stock-outflow	{"date":"2026-09-12","project":"@@ref:projects|DUMMY-03@@","material":"ready_mix","quantity":41.7,"unit":"cubic_meter","issued_from":"ساحة التخزين الخارجية - الريان","reason":"used_in_construction"}
stock-outflow|DUMMY-04/2026-09-12/1	stock-outflow	{"date":"2026-09-12","project":"@@ref:projects|DUMMY-04@@","material":"rebar","quantity":2.5,"unit":"ton","issued_from":"مستودع موقع مستودعات الخليج","reason":"transferred"}
stock-outflow|DUMMY-01/2026-09-13/1	stock-outflow	{"date":"2026-09-13","project":"@@ref:projects|DUMMY-01@@","material":"pipes","quantity":24,"unit":"piece","issued_from":"مستودع موقع فلل الندى","reason":"used_in_construction"}
stock-outflow|DUMMY-02/2026-09-13/1	stock-outflow	{"date":"2026-09-13","project":"@@ref:projects|DUMMY-02@@","material":"sand","quantity":4.8,"unit":"cubic_meter","issued_from":"المستودع المركزي - جدة","reason":"used_in_construction"}
stock-outflow|DUMMY-02/2026-09-13/2	stock-outflow	{"date":"2026-09-13","project":"@@ref:projects|DUMMY-02@@","material":"pipes","quantity":46,"unit":"piece","issued_from":"مستودع موقع برج الياسمين","reason":"used_in_construction"}
stock-outflow|DUMMY-03/2026-09-13/1	stock-outflow	{"date":"2026-09-13","project":"@@ref:projects|DUMMY-03@@","material":"wood","quantity":165,"unit":"piece","issued_from":"ساحة التخزين الخارجية - الريان","reason":"used_in_construction"}
stock-outflow|DUMMY-04/2026-09-13/1	stock-outflow	{"date":"2026-09-13","project":"@@ref:projects|DUMMY-04@@","material":"ready_mix","quantity":132.7,"unit":"cubic_meter","issued_from":"مستودع موقع مستودعات الخليج","reason":"returned_to_supplier"}
stock-outflow|DUMMY-01/2026-09-14/1	stock-outflow	{"date":"2026-09-14","project":"@@ref:projects|DUMMY-01@@","material":"pipes","quantity":11,"unit":"piece","issued_from":"مستودع موقع فلل الندى","reason":"used_in_construction"}
stock-outflow|DUMMY-02/2026-09-14/1	stock-outflow	{"date":"2026-09-14","project":"@@ref:projects|DUMMY-02@@","material":"pipes","quantity":11,"unit":"piece","issued_from":"مستودع موقع برج الياسمين","reason":"used_in_construction"}
stock-outflow|DUMMY-03/2026-09-14/1	stock-outflow	{"date":"2026-09-14","project":"@@ref:projects|DUMMY-03@@","material":"ready_mix","quantity":24.3,"unit":"cubic_meter","issued_from":"ساحة التخزين الخارجية - الريان","reason":"used_in_construction"}
stock-outflow|DUMMY-04/2026-09-14/1	stock-outflow	{"date":"2026-09-14","project":"@@ref:projects|DUMMY-04@@","material":"rebar","quantity":1.6,"unit":"ton","issued_from":"مستودع موقع مستودعات الخليج","reason":"used_in_construction"}
stock-outflow|DUMMY-02/2026-09-15/1	stock-outflow	{"date":"2026-09-15","project":"@@ref:projects|DUMMY-02@@","material":"cement","quantity":58,"unit":"bag","issued_from":"المستودع المركزي - جدة","reason":"used_in_construction"}
stock-outflow|DUMMY-03/2026-09-15/1	stock-outflow	{"date":"2026-09-15","project":"@@ref:projects|DUMMY-03@@","material":"gravel","quantity":6.0,"unit":"cubic_meter","issued_from":"ساحة التخزين الخارجية - الريان","reason":"used_in_construction"}
stock-outflow|DUMMY-02/2026-09-16/1	stock-outflow	{"date":"2026-09-16","project":"@@ref:projects|DUMMY-02@@","material":"wood","quantity":47,"unit":"piece","issued_from":"مستودع موقع برج الياسمين","reason":"used_in_construction"}
stock-outflow|DUMMY-01/2026-09-17/1	stock-outflow	{"date":"2026-09-17","project":"@@ref:projects|DUMMY-01@@","material":"pipes","quantity":8,"unit":"piece","issued_from":"مستودع موقع فلل الندى","reason":"used_in_construction"}
stock-outflow|DUMMY-02/2026-09-17/1	stock-outflow	{"date":"2026-09-17","project":"@@ref:projects|DUMMY-02@@","material":"sand","quantity":2.7,"unit":"cubic_meter","issued_from":"المستودع المركزي - جدة","reason":"used_in_construction"}
stock-outflow|DUMMY-03/2026-09-17/1	stock-outflow	{"date":"2026-09-17","project":"@@ref:projects|DUMMY-03@@","material":"gravel","quantity":2.4,"unit":"cubic_meter","issued_from":"ساحة التخزين الخارجية - الريان","reason":"used_in_construction"}
stock-outflow|DUMMY-01/2026-09-19/1	stock-outflow	{"date":"2026-09-19","project":"@@ref:projects|DUMMY-01@@","material":"pipes","quantity":5,"unit":"piece","issued_from":"مستودع موقع فلل الندى","reason":"other","reason_other":"عينة لفحص المختبر"}
stock-outflow|DUMMY-02/2026-09-19/1	stock-outflow	{"date":"2026-09-19","project":"@@ref:projects|DUMMY-02@@","material":"wood","quantity":27,"unit":"piece","issued_from":"المستودع المركزي - جدة","reason":"used_in_construction"}
stock-outflow|DUMMY-02/2026-09-20/1	stock-outflow	{"date":"2026-09-20","project":"@@ref:projects|DUMMY-02@@","material":"pipes","quantity":111,"unit":"piece","issued_from":"المستودع المركزي - جدة","reason":"used_in_construction"}
stock-outflow|DUMMY-02/2026-09-21/1	stock-outflow	{"date":"2026-09-21","project":"@@ref:projects|DUMMY-02@@","material":"sand","quantity":1.7,"unit":"cubic_meter","issued_from":"المستودع المركزي - جدة","reason":"damaged_or_wasted"}
stock-outflow|DUMMY-02/2026-09-21/2	stock-outflow	{"date":"2026-09-21","project":"@@ref:projects|DUMMY-02@@","material":"pipes","quantity":14,"unit":"piece","issued_from":"مستودع موقع برج الياسمين","reason":"other","reason_other":"عينة لفحص المختبر"}
stock-outflow|DUMMY-03/2026-09-21/1	stock-outflow	{"date":"2026-09-21","project":"@@ref:projects|DUMMY-03@@","material":"ready_mix","quantity":62.9,"unit":"cubic_meter","issued_from":"ساحة التخزين الخارجية - الريان","reason":"used_in_construction"}
stock-outflow|DUMMY-02/2026-09-22/1	stock-outflow	{"date":"2026-09-22","project":"@@ref:projects|DUMMY-02@@","material":"wood","quantity":75,"unit":"piece","issued_from":"مستودع موقع برج الياسمين","reason":"used_in_construction"}
stock-outflow|DUMMY-03/2026-09-22/1	stock-outflow	{"date":"2026-09-22","project":"@@ref:projects|DUMMY-03@@","material":"wood","quantity":45,"unit":"piece","issued_from":"ساحة التخزين الخارجية - الريان","reason":"used_in_construction"}
stock-outflow|DUMMY-05/2026-09-22/1	stock-outflow	{"date":"2026-09-22","project":"@@ref:projects|DUMMY-05@@","material":"gravel","quantity":7.8,"unit":"cubic_meter","issued_from":"مستودع موقع مدرسة الفيصل","reason":"used_in_construction"}
stock-outflow|DUMMY-02/2026-09-23/1	stock-outflow	{"date":"2026-09-23","project":"@@ref:projects|DUMMY-02@@","material":"cement","quantity":239,"unit":"bag","issued_from":"المستودع المركزي - جدة","reason":"used_in_construction"}
stock-outflow|DUMMY-03/2026-09-23/1	stock-outflow	{"date":"2026-09-23","project":"@@ref:projects|DUMMY-03@@","material":"ready_mix","quantity":49.8,"unit":"cubic_meter","issued_from":"ساحة التخزين الخارجية - الريان","reason":"used_in_construction"}
stock-outflow|DUMMY-05/2026-09-23/1	stock-outflow	{"date":"2026-09-23","project":"@@ref:projects|DUMMY-05@@","material":"gravel","quantity":14.1,"unit":"cubic_meter","issued_from":"مستودع موقع مدرسة الفيصل","reason":"used_in_construction"}
stock-outflow|DUMMY-02/2026-09-24/1	stock-outflow	{"date":"2026-09-24","project":"@@ref:projects|DUMMY-02@@","material":"ready_mix","quantity":60.7,"unit":"cubic_meter","issued_from":"مستودع موقع برج الياسمين","reason":"damaged_or_wasted"}
stock-outflow|DUMMY-05/2026-09-24/1	stock-outflow	{"date":"2026-09-24","project":"@@ref:projects|DUMMY-05@@","material":"gravel","quantity":4.7,"unit":"cubic_meter","issued_from":"مستودع موقع مدرسة الفيصل","reason":"used_in_construction"}
stock-outflow|DUMMY-02/2026-09-26/1	stock-outflow	{"date":"2026-09-26","project":"@@ref:projects|DUMMY-02@@","material":"cement","quantity":111,"unit":"bag","issued_from":"مستودع موقع برج الياسمين","reason":"used_in_construction"}
stock-outflow|DUMMY-03/2026-09-26/1	stock-outflow	{"date":"2026-09-26","project":"@@ref:projects|DUMMY-03@@","material":"rebar","quantity":7.6,"unit":"ton","issued_from":"ساحة التخزين الخارجية - الريان","reason":"used_in_construction"}
stock-outflow|DUMMY-02/2026-09-27/1	stock-outflow	{"date":"2026-09-27","project":"@@ref:projects|DUMMY-02@@","material":"sand","quantity":0.5,"unit":"cubic_meter","issued_from":"المستودع المركزي - جدة","reason":"used_in_construction"}
stock-outflow|DUMMY-02/2026-09-27/2	stock-outflow	{"date":"2026-09-27","project":"@@ref:projects|DUMMY-02@@","material":"pipes","quantity":45,"unit":"piece","issued_from":"المستودع المركزي - جدة","reason":"used_in_construction"}
stock-outflow|DUMMY-05/2026-09-27/1	stock-outflow	{"date":"2026-09-27","project":"@@ref:projects|DUMMY-05@@","material":"sand","quantity":25.0,"unit":"cubic_meter","issued_from":"مستودع موقع مدرسة الفيصل","reason":"returned_to_supplier"}
stock-outflow|DUMMY-03/2026-09-28/1	stock-outflow	{"date":"2026-09-28","project":"@@ref:projects|DUMMY-03@@","material":"ready_mix","quantity":26.9,"unit":"cubic_meter","issued_from":"ساحة التخزين الخارجية - الريان","reason":"used_in_construction"}
stock-outflow|DUMMY-05/2026-09-28/1	stock-outflow	{"date":"2026-09-28","project":"@@ref:projects|DUMMY-05@@","material":"sand","quantity":5.8,"unit":"cubic_meter","issued_from":"مستودع موقع مدرسة الفيصل","reason":"used_in_construction"}
stock-outflow|DUMMY-02/2026-09-29/1	stock-outflow	{"date":"2026-09-29","project":"@@ref:projects|DUMMY-02@@","material":"cement","quantity":56,"unit":"bag","issued_from":"مستودع موقع برج الياسمين","reason":"used_in_construction"}
stock-outflow|DUMMY-03/2026-09-29/1	stock-outflow	{"date":"2026-09-29","project":"@@ref:projects|DUMMY-03@@","material":"rebar","quantity":13.6,"unit":"ton","issued_from":"ساحة التخزين الخارجية - الريان","reason":"used_in_construction"}
stock-outflow|DUMMY-05/2026-09-29/1	stock-outflow	{"date":"2026-09-29","project":"@@ref:projects|DUMMY-05@@","material":"sand","quantity":8.9,"unit":"cubic_meter","issued_from":"مستودع موقع مدرسة الفيصل","reason":"used_in_construction"}
stock-outflow|DUMMY-02/2026-09-30/1	stock-outflow	{"date":"2026-09-30","project":"@@ref:projects|DUMMY-02@@","material":"wood","quantity":58,"unit":"piece","issued_from":"المستودع المركزي - جدة","reason":"used_in_construction"}
stock-outflow|DUMMY-02/2026-09-30/2	stock-outflow	{"date":"2026-09-30","project":"@@ref:projects|DUMMY-02@@","material":"pipes","quantity":41,"unit":"piece","issued_from":"المستودع المركزي - جدة","reason":"used_in_construction"}
stock-outflow|DUMMY-03/2026-09-30/1	stock-outflow	{"date":"2026-09-30","project":"@@ref:projects|DUMMY-03@@","material":"rebar","quantity":5.9,"unit":"ton","issued_from":"مستودع موقع مجمع الريان","reason":"used_in_construction"}
stock-outflow|DUMMY-02/2026-10-01/1	stock-outflow	{"date":"2026-10-01","project":"@@ref:projects|DUMMY-02@@","material":"cement","quantity":165,"unit":"bag","issued_from":"المستودع المركزي - جدة","reason":"used_in_construction"}
stock-outflow|DUMMY-02/2026-10-01/2	stock-outflow	{"date":"2026-10-01","project":"@@ref:projects|DUMMY-02@@","material":"pipes","quantity":12,"unit":"piece","issued_from":"مستودع موقع برج الياسمين","reason":"used_in_construction"}
stock-outflow|DUMMY-03/2026-10-01/1	stock-outflow	{"date":"2026-10-01","project":"@@ref:projects|DUMMY-03@@","material":"ready_mix","quantity":53.7,"unit":"cubic_meter","issued_from":"مستودع موقع مجمع الريان","reason":"used_in_construction"}
stock-outflow|DUMMY-02/2026-10-03/1	stock-outflow	{"date":"2026-10-03","project":"@@ref:projects|DUMMY-02@@","material":"cement","quantity":64,"unit":"bag","issued_from":"المستودع المركزي - جدة","reason":"used_in_construction"}
stock-outflow|DUMMY-02/2026-10-03/2	stock-outflow	{"date":"2026-10-03","project":"@@ref:projects|DUMMY-02@@","material":"pipes","quantity":6,"unit":"piece","issued_from":"مستودع موقع برج الياسمين","reason":"used_in_construction"}
stock-outflow|DUMMY-05/2026-10-03/1	stock-outflow	{"date":"2026-10-03","project":"@@ref:projects|DUMMY-05@@","material":"gravel","quantity":17.8,"unit":"cubic_meter","issued_from":"مستودع موقع مدرسة الفيصل","reason":"used_in_construction"}
stock-outflow|DUMMY-02/2026-10-04/1	stock-outflow	{"date":"2026-10-04","project":"@@ref:projects|DUMMY-02@@","material":"pipes","quantity":43,"unit":"piece","issued_from":"المستودع المركزي - جدة","reason":"used_in_construction"}
stock-outflow|DUMMY-03/2026-10-04/1	stock-outflow	{"date":"2026-10-04","project":"@@ref:projects|DUMMY-03@@","material":"gravel","quantity":1.3,"unit":"cubic_meter","issued_from":"ساحة التخزين الخارجية - الريان","reason":"used_in_construction"}
stock-outflow|DUMMY-05/2026-10-04/1	stock-outflow	{"date":"2026-10-04","project":"@@ref:projects|DUMMY-05@@","material":"sand","quantity":23.8,"unit":"cubic_meter","issued_from":"مستودع موقع مدرسة الفيصل","reason":"used_in_construction"}
stock-outflow|DUMMY-03/2026-10-05/1	stock-outflow	{"date":"2026-10-05","project":"@@ref:projects|DUMMY-03@@","material":"cement","quantity":111,"unit":"bag","issued_from":"ساحة التخزين الخارجية - الريان","reason":"used_in_construction"}
stock-outflow|DUMMY-02/2026-10-06/1	stock-outflow	{"date":"2026-10-06","project":"@@ref:projects|DUMMY-02@@","material":"rebar","quantity":4.7,"unit":"ton","issued_from":"مستودع موقع برج الياسمين","reason":"damaged_or_wasted"}
stock-outflow|DUMMY-03/2026-10-06/1	stock-outflow	{"date":"2026-10-06","project":"@@ref:projects|DUMMY-03@@","material":"rebar","quantity":4.5,"unit":"ton","issued_from":"ساحة التخزين الخارجية - الريان","reason":"used_in_construction"}
stock-outflow|DUMMY-05/2026-10-07/1	stock-outflow	{"date":"2026-10-07","project":"@@ref:projects|DUMMY-05@@","material":"wood","quantity":53,"unit":"piece","issued_from":"مستودع موقع مدرسة الفيصل","reason":"used_in_construction"}
stock-outflow|DUMMY-03/2026-10-08/1	stock-outflow	{"date":"2026-10-08","project":"@@ref:projects|DUMMY-03@@","material":"gravel","quantity":2.2,"unit":"cubic_meter","issued_from":"ساحة التخزين الخارجية - الريان","reason":"used_in_construction"}
stock-outflow|DUMMY-05/2026-10-08/1	stock-outflow	{"date":"2026-10-08","project":"@@ref:projects|DUMMY-05@@","material":"wood","quantity":146,"unit":"piece","issued_from":"مستودع موقع مدرسة الفيصل","reason":"used_in_construction"}
stock-outflow|DUMMY-05/2026-10-10/1	stock-outflow	{"date":"2026-10-10","project":"@@ref:projects|DUMMY-05@@","material":"wood","quantity":106,"unit":"piece","issued_from":"مستودع موقع مدرسة الفيصل","reason":"used_in_construction"}
